COUNTRY,PRODUCTION_INDEX,TYPE_OF_TRANSFORMATION,FREQUENCY,SCALE,1948,1949,1950,1951,1952,1953,1954,1955,1956,1957,1958,1959,1960,1961,1962,1963,1964,1965,1966,1967,1968,1969,1970,1971,1972,1973,1974,1975,1976,1977,1978,1979,1980,1981,1982,1983,1984,1985,1986,1987,1988,1989,1990,1991,1992,1993,1994,1995,1996,1997,1998,1999,2000,2001,2002,2003,2004,2005,2006,2007,2008,2009,2010,2011,2012,2013,2014,2015,2016,2017,2018,2019,2020,2021,2022,2023,2024
Russian Federation,Industrial Production,Year-over-year (YOY) percent change,Annual,,,,,,,,,,,,,,,,,,,,,,,,,,,,,,,,,,,,,,,,,,,,,,,,-21.67255595,-4.511278195,-4.522288082,2.080346984,-5.211591734,1.182274332,9.6373887,2.943831761,3.175190013,9.523253973,8.008886928,5.131599697,6.419502643,6.763823403,0.554038863,-10.6683702,7.249486755,5.025418785,3.348674814,1.773648649,2.482082233,5.226737338,1.776969358,3.691229035,3.513423931,3.387768172,-2.1432111,5.374097987,,,
El Salvador,Industrial Production,Year-over-year (YOY) percent change,Annual,,,,,,,,,,,,,,,,,,,,,,,,,,,,,,,,,,,,,,,,,,,,,14.72175337,13.41093081,8.538416805,4.899848094,3.59724748,0.139782092,5.622433466,9.420508854,5.908320616,0.269189118,3.337095096,2.663236837,-3.372019098,2.078334236,5.197261717,2.663067854,4.229175931,0.599541923,-3.146879162,1.990589938,4.617750359,1.430720927,0.152629864,2.739726027,2.114166667,0.372132499,1.944826128,1.936435778,,,,,,
Japan,Industrial Production,Year-over-year (YOY) percent change,Annual,,,,,,,,8.883455583,5.494011976,22.09821429,18.19012797,-1.778808971,19.84251969,24.96714849,19.45320715,8.318661972,11.25558716,15.85098612,3.751576293,13.24825281,19.39898041,15.41573034,15.96573209,13.75083949,2.612546125,7.235327963,14.98323273,-4.001399907,-10.98553895,11.12627986,4.115479115,6.336283186,7.345761207,4.692991524,0.997235387,0.312836054,3.23555209,9.298593411,3.653480739,-0.166652779,3.447124614,9.262546393,5.787037037,4.216461875,1.881611887,-5.754597337,-3.481917578,1.254792611,3.278829604,2.341471544,3.533626445,-6.550802139,0.317348378,5.439367311,-6.325527127,-1.129893238,3.351576287,4.744622466,1.428209245,4.340943176,2.786872155,-3.200745805,-21.02595143,14.97413298,-2.92475627,0.652360515,-0.869861845,1.732507533,-1.266968326,0.058328473,2.823117921,1.047784868,-2.629272568,-9.98349835,5.207899342,-0.047520988,,
"Kazakhstan, Republic of",Industrial Production,Year-over-year (YOY) percent change,Annual,,,,,,,,,,,,,,,,,,,,,,,,,,,,,,,,,,,,,,,,,,,,,,,,,,,,,,,,,9.089315453,10.44512293,4.837770988,7.230587745,4.691645635,2.095438249,8.488224254,0.967846233,0.705960813,1.405474216,1.309195213,0.202173053,-1.659894192,-2.424841878,8.386169961,,,,,,,
"China, People's Republic of",Industrial Production,Year-over-year (YOY) percent change,Annual,,,,,,,,,,,,,,,,,,,,,,,,,,,,,,,,,,,,,,,,,,,,,,,,,,,,,,,,,,,,,,,,,14.30851156,9.976543029,9.698060388,8.2634585,6.100572455,6.072467601,6.532688376,6.21167439,5.76906126,2.566773616,9.961405647,,,
Mexico,Industrial Production,Year-over-year (YOY) percent change,Annual,,,,7.090464546,9.018264841,6.178010471,-1.380670611,7,11.21495327,10.50420168,6.273764259,4.472271914,7.962328767,8.501189532,4.867709399,5.101756342,9.25729443,15.17412935,6.911447085,9.36026936,7.820197044,6.427688503,8.710801394,7.02457265,1.896680809,10.14776716,10.07263564,7.319372433,4.712009035,2.720354725,3.45913784,9.98534055,15.29707285,9.768351785,8.836160618,-2.594455953,-9.904800486,4.979766187,5.47167791,-5.898477157,2.783471788,2.781568175,6.137663399,6.735302608,3.35346615,4.369821195,0.300852415,4.782536244,-7.820451654,9.966629588,7.612785758,5.341188324,2.249702317,3.925049874,-2.557979334,-0.952964464,1.615927064,4.090768611,2.457150569,4.354736731,5.686565454,32.66744324,17.52778607,18.5661749,11.91862362,6.046500474,13.90700959,2.860726988,4.179220646,-12.05295128,4.672408106,14.66506238,-1.448630783,,,,,
Ireland,Industrial Production,Year-over-year (YOY) percent change,Annual,,,13.04347826,13.39950372,2.84463895,-2.55319149,9.170305678,2.7,4.771178188,-1.951672862,-0.56872038,1.525262155,10.11737089,7.802174376,8.997429306,5.678519594,5.373390558,8.064516129,3.708729082,4.811745893,8.876560333,11.32484076,7.083190296,4.22098739,3.670665436,4.30224508,10.69599848,1.559020045,-4.037132987,8.85264342,8.039677702,7.890964107,7.703896936,-2.545438437,5.42888165,-0.727928097,7.874944003,9.914103993,3.37250691,2.171780321,8.873366721,10.68359071,11.57722053,4.885708101,3.392226148,9.125085441,5.480739117,11.99524941,19.35312831,8.085295424,17.48869708,19.73062795,14.81373265,14.28934979,11.02204409,8.172884075,5.654955038,1.237167676,3.969492113,3.051017006,5.241870248,-2.167563413,-4.462602137,8.492365739,-0.433297225,-1.464557704,-2.225242059,20.91730368,36.93965517,4.932511248,-2.501191043,-4.9433993,6.991089788,14.54996797,28.31876966,18.93113968,,
"Korea, Republic of",Industrial Production,Year-over-year (YOY) percent change,Annual,,,,,,,,,,,,,,,,,,,,,,,,,,,,,,,,,,,12.67924528,4.978789908,15.75925138,15.06522139,4.422800575,20.94801223,19.20353982,13.27818432,3.201947383,8.872357797,9.640346417,5.862694072,4.515998233,11.10976404,11.90497716,8.579698678,4.869800821,-6.367788926,24.50313821,16.89382047,0.574715739,8.031997315,5.529235828,10.39309392,6.329938057,8.409004502,6.9187521,3.364649258,-0.125261379,16.31131431,5.958541525,1.384201361,0.682740634,0.223407941,-0.276758477,2.18323846,2.528194453,1.495541136,0.328955597,-0.257231787,8.182651446,1.417237927,,
Jordan,Industrial Production,Year-over-year (YOY) percent change,Annual,,,,,,,,,,,,,,,,,,,,,-8.900000001,1.756311746,19.52535059,-13.44765343,18.56100104,22.35414834,9.877800407,4.290465027,7.239937271,25,3.816793893,22.79411765,19.76047904,19.35833333,16.60266704,3.335129633,4.954224128,14.5862088,7.111539388,1.358463407,9.297474815,-8.137079747,4.94165488,0.623367871,-1.184596065,7.802770365,7.855251545,5.598745226,12.4,-5.160142349,3.541275797,2.023405059,2.405091393,3.916750976,6.608980355,11.14304099,-8.462667026,12.03516035,10.15402973,5.787183982,3.175992601,1.38250815,-1.668385929,-3.133262682,-0.251408995,0.16341227,1.515319102,1.760732186,1.216326181,-2.321473211,-0.484384542,-6.050893397,,,,,,
India,Industrial Production,Year-over-year (YOY) percent change,Annual,,,,,,,,,,,,,,,9.151525254,9.689981674,8.290985033,8.665466701,9.163511595,-0.731588359,-0.791571132,6.361085126,7.020539086,5.263157895,4.216666666,5.717255717,1.664019363,2.008779109,4.740719131,9.839147692,5.230125523,6.813663474,1.201353638,0.752382545,9.033078881,2.020433059,5.13414543,9.29058857,9.060162602,6.691316794,11.21296814,7.338158424,5.487919086,11.03515625,1.615095546,2.871980486,1.912192137,9.344040829,12.70505869,8.615839077,5.41993136,3.366093366,7.570715474,7.446690973,4.398175225,0.324929972,1.552378825,7.093368525,3.3682481,6.040135108,7.916432453,4.062852678,-11.2371736,9.398496241,4.656357388,-1.666393039,-0.500876534,1.359174427,-0.662196838,4.474627114,2.647950231,1.35975136,4.837102338,1.915764844,12.73496915,4.55673646,5.770284253,
United Kingdom,Industrial Production,Year-over-year (YOY) percent change,Annual,,,6.534653463,6.133828996,2.276707531,-3.082191781,6.360424028,5.149501661,4.897314378,-0.158800964,2.051611981,-1.467497899,5.907652934,7.048162443,0.522025396,0.952856229,3.869682084,7.162509853,3.017139685,1.204381037,-0.689535828,5.046578648,3.394155927,0.530667654,-0.564694329,1.790123457,8.987265009,-1.991987536,-5.393437039,3.240518483,5.173215531,2.840720681,2.138865004,-6.945175208,-4.071016623,0.247553931,2.610536218,0.641760257,5.112730585,2.231610876,4.100879517,5.171009772,2.080913666,0.018962738,-3.327329605,0.431457148,2.167545401,5.284785933,1.76091495,1.365275631,1.38077086,4.037981009,4.851570756,2.373098772,4.27817059,1.605012445,2.71160669,-1.80E-13,-0.912904022,4.108565737,-1.618432592,-2.37439222,-7.030796049,-2.482142857,-4.861746933,0.654412472,1.988717851,2.034311428,4.704152885,-0.026325026,0.412534012,3.111888112,1.720922347,2.341861822,-3.900651466,-3.448860266,,
Chile,Industrial Production,Year-over-year (YOY) percent change,Annual,,,,,,,,,,,,,,,,,,,,,,,,,,,,,,,,,,,,,,,,,,,,,,,,,,,,-0.519612117,-3.377946228,3.85520606,1.81414728,1.816600974,5.188609425,8.750432975,5.447505673,3.231987616,4.125634344,0.213388129,-6.718366632,1.492892506,3.573912327,3.40237736,3.365530093,0.330059498,0.456496503,-0.849218071,-1.122719471,3.51507867,-0.633510926,-1.012915364,,,,
Tunisia,Industrial Production,Year-over-year (YOY) percent change,Annual,,,,,,,,,,,,,,,,,,,,,3.408333333,9.412523169,-0.058923179,8.158302012,7.666027831,7.491680211,4.29116567,8.215395237,2.692185008,2.472510406,9.548347984,10.8,11.41696751,7.229647631,3.663833805,-1.093095281,8.620372076,0.3,1.196410768,0.197044335,0.196656834,3.631010795,1.988636364,-0.371402043,7.8,3.803339518,0.268096515,4.901960784,3.143585387,2.711422295,4.323999198,6.931454196,5.337886413,6.278792015,3.654822335,0.391772772,-2.43902439,3.9,0.192492782,2.97790586,10.07462687,1.016949153,-3.523489933,4.347826087,-6.166666667,3.108348135,1.119724376,-1.081771721,-2.436924137,-0.547219771,-1.08482002,-0.518246107,,,,,,
Malaysia,Industrial Production,Year-over-year (YOY) percent change,Annual,,,,,,,,,,,,,,,,,,,,,,,9.099999999,8.340971586,1.889452905,9.763354553,13.93809494,11.23713622,0.019895548,15.43587448,8.577090423,9.637359149,8.750407122,5.806795115,3.220530884,5.5,12.41706161,16.02023609,-2.446705427,9.529426373,8.405599955,14.17442225,11.9,12.15370867,11.18857902,8.701104807,9.394572025,12.17858578,13.08314173,11.01200236,10.69360747,-7.200042699,9.0642434,19.12672046,-3.3,4.653567735,9.18972332,10.85972851,4.088435374,5.008333333,2.166782587,0.739596013,-7.535146381,0.066711141,2.390008849,4.213017305,3.39737582,5.181660246,4.718132855,4.116,4.447603314,3.005226214,,,,,,
"San Marino, Republic of",Industrial Production,Year-over-year (YOY) percent change,Annual,,,,,,,,,,,,,,,,,,,,,,,,,,,,,,,,,,,,,,,,,,,,,,,,,,,,,,,7.78,-1.261829653,7.64893817,4.102653631,4.729163173,7.237790232,3.143198447,1.302931596,-4.087173991,7.621247113,1.266786654,-1.100553695,1.410008294,1.947307276,2.224951164,-0.445189284,2.961162336,0.064650912,3.453760259,-2.253195862,12.09428678,-3.943186612,-9.234425478,
Trinidad and Tobago,Industrial Production,Year-over-year (YOY) percent change,Annual,,,,,,,,,,,,,,,,,,,,,,,,,,,,,,,,,2.34670704,5.941814595,-11.14731208,3.954950236,-8.616780045,22.38764819,-3.919801757,21.64126612,3.797224364,-4.011142061,-0.077384407,2.807357212,11.54425612,9.64038494,-6.405913151,14.14939125,7.411385607,5.725,6.408134311,11.37777778,10.91380686,5.324698687,11.47736977,15.06051785,9.467376831,6.434740299,9.782857143,9.077659796,10.41229242,7.087907339,12.96311244,8.88174348,1.286258039,-4.827005313,-1.436449044,-5.836441497,-5.699405853,-12.25108899,-4.653842744,,,,,,,
Australia,Industrial Production,Year-over-year (YOY) percent change,Annual,,,,,,,,,,,,,,,,,,,,,,,,,,,,,,4.865654402,0.6215688,1.592573433,5.371856229,1.48899135,3.072624285,-0.77646736,-3.824035326,6.680489756,5.741286264,-0.956516488,7.698232807,7.748478109,3.633865715,3.928233497,-0.346865124,0.648120794,2.700434939,4.98486531,3.34472101,4.301574543,1.451380345,3.140655313,1.10883627,12.65609783,4.398175225,0.324929972,1.552378825,7.093368525,3.3682481,6.040135108,7.916432453,4.062852678,-11.2371736,9.398496241,4.656357388,-1.666393039,-0.500876534,1.359174427,-0.662196838,4.474627114,2.647950231,1.35975136,4.837102338,-3.517110266,0.352795285,-0.788366757,,
Canada,Industrial Production,Year-over-year (YOY) percent change,Annual,,,3.597122302,7.29166667,9.385113265,4.142011834,7.386363637,-0.264550265,11.14058355,10.50119332,1.52987761,-0.602730012,8.756911004,2.017054773,4.018646519,9.912968335,6.441287134,9.950406247,8.883557262,6.418015689,3.161105973,7.152128243,6.464946677,-1.175297637,5.591492291,8.79794074,11.41531754,1.462351632,-7.376367475,6.515304008,3.519254463,4.20857644,4.868141965,-3.136259417,-0.054209046,-7.653967809,5.448390393,12.47122782,5.077990885,-0.753430801,4.185656187,6.637793227,-0.309691064,-2.752748085,-3.561261245,1.267797326,4.827890935,6.245316598,4.589660216,1.188999995,5.192609127,3.231610221,5.91532837,7.040699562,-3.144639271,1.899453911,0.093396314,2.192318241,2.274517354,-0.20308333,-1.424476182,-3.311114268,-10.77429163,5.996659374,4.763278713,-0.138310912,1.722340419,4.967509929,-0.474576656,-0.129761979,3.681747181,3.373361243,-0.071137778,-7.739541035,4.894330888,3.882976232,,
Algeria,Industrial Production,Year-over-year (YOY) percent change,Annual,,,,,,,,,,,,,,,,,,,,,,,,,,,,,,,,,,,,,,,,,,,,,,,1.827956989,-6.546990496,-1.073446328,-7.367218732,-3.575832306,7.16112532,0.17601432,1.492003931,-0.234741784,1.240470588,1.040737022,0.391086832,1.603004867,-0.305291896,1.649982604,2.139087111,0.054466231,-2.204681546,0.41747843,1.662971175,0.92693566,4.34900054,1.397877297,1.531784529,2.263012321,,,-7.746979389,3.697996918,2.922238732,4.307025987,
Brazil,Industrial Production,Year-over-year (YOY) percent change,Annual,,,,,,,,,,,,,,,,,,,,,,,,,,,,,,11.90278058,2.144074235,6.141495116,6.966420654,9.189761972,-10.1796798,0.030873694,-5.178830583,7.099708023,8.491923581,10.93589079,0.870443633,-3.244095066,2.925956944,-8.900964904,-2.609238901,-3.734596951,7.510592149,7.60369627,1.831199363,1.730536237,3.887956338,-2.026484208,-0.653227441,6.64014319,1.5775422,2.788390463,0.322399206,8.363359458,2.80050873,2.66534945,5.953128699,3.076480974,-7.131911096,10.22055116,0.407886948,-2.298300921,2.077911682,-3.014599619,-8.255353324,-6.429947997,2.523296336,0.964612515,-1.080838107,-4.453850613,3.931708495,-0.695314843,,
Cameroon,Industrial Production,Year-over-year (YOY) percent change,Annual,,,,,,,,,,,,,,,,,,,,,,,,,,,,,,,,,,,,,,,,,,,,,,,,,,,,,,,7.036396554,-4.103764874,3.709857525,4.60378399,2.087425712,2.501962837,1.312362764,3.215725806,-3.638050591,-0.92738053,2.299232737,2.602565064,10.02680312,6.851954379,0.0227984,-4.921200213,0.808841885,1.404735829,-1.275702236,3.417232561,2.839841303,,,
Georgia,Industrial Production,Year-over-year (YOY) percent change,Annual,,,,,,,,,,,,,,,,,,,,,,,,,,,,,,,,,,,,,,,,,,,,,,,,,,,,,,,,21.29296173,19.7400088,4.838739176,34.53154566,31.7646593,6.899037604,-5.479260564,-11.49087805,16.21358174,23.49164596,8.304725385,-2.028766616,5.218542777,6.750173836,0.675816418,,,,,,,,
Albania,Industrial Production,Year-over-year (YOY) percent change,Annual,,,,,,,,,,,,,,,,,,,,,,,,,,,,,,,,,,,,,,,,,,,,,,,,,,,,,,,,,,,,21.19817668,5.686565454,32.66744324,17.52778607,18.5661749,11.91862362,6.046500474,13.90700959,2.860726988,4.179220646,-12.05295128,4.672408106,14.66506238,-1.448630783,-1.699408486,23.76329106,,,
New Zealand,Industrial Production,Year-over-year (YOY) percent change,Annual,,,,,,,,,,,,,,,,,,,,,,,,,,,,,,,,,5.627420887,-0.124541618,4.579147904,5.12718601,-0.693131695,11.51649746,0.466571835,-1.279945631,-0.993493279,-2.085446576,-0.029447646,-1.649553947,-3.414341948,3.216089306,6.283261803,5.358585043,2.153999463,2.029790268,0.426564683,-1.677041377,1.906748101,3.526531209,-0.183557485,5.707819076,3.278578836,3.56969324,0.247083477,-1.004617497,4.298770879,-1.822082553,-5.906250962,3.3004056,-2.87831291,0.629238393,0.609104163,3.233181979,1.347599588,1.991443258,0.935538387,1.719189141,1.378560301,-4.317193389,2.948395503,-3.617472185,,
Iceland,Industrial Production,Year-over-year (YOY) percent change,Annual,,,,,,,,,,,,,,,,,,,,,,,,,,,,,,,,,,,,,,,,,,,,,,,,,,,,,3.737172196,6.036659762,18.10251402,4.582964475,-3.256810814,9.036916418,12.40506701,16.844247,0.605501451,35.55398396,3.710140702,12.8581976,12.11336359,4.466432037,-4.021231448,1.095694025,9.425227835,-9.009092871,0.885353799,,,,,,,
"Armenia, Republic of",Industrial Production,Year-over-year (YOY) percent change,Annual,,,,,,,,,,,,,,,,,,,,,,,,,,,,,,,,,,,,,,,,,,,,,,,,,,,,,,,,,,,,,,,,,13.94,8.758995963,6.899612653,2.6949498,5.294806505,6.871823539,12.61072305,,,,,,,
Euro Area (EA),Industrial Production,Year-over-year (YOY) percent change,Annual,,,,,,,,,,,,,,,,,,,,,,,,,,,,,,,,,,,,,,,,,,,,,,,,,,,,,,,0.524980313,-0.365567064,0.349436534,2.150256812,1.653315153,4.082830315,3.785743053,-1.77726038,-14.76769912,7.212385279,3.398184176,-2.408429503,-0.814053128,1.062634989,2.590186357,1.608199317,2.985074627,,,,,,,
Paraguay,Industrial Production,Year-over-year (YOY) percent change,Annual,,,,,,,,,,,,,,,,,,,,,,,,,,,,,,,,,,,,,,,,,,,,,,,,,,,,,,,,,,,,4.691490792,5.893682589,5.638413969,-3.340220386,12.9913312,4.287966369,-0.44341429,15.79107197,4.886790803,1.775295883,4.053722054,4.958287423,3.666766647,0.209764919,-0.29594341,4.575399986,,,
Bosnia and Herzegovina,Industrial Production,Year-over-year (YOY) percent change,Annual,,,,,,,,,,,,,,,,,,,,,,,,,,,,,,,,,,,,,,,,,,,,,,,,,,,,,,,,,,,,,6.324582339,10.34588307,-6.509477577,4.361586391,2.378695982,-3.906322318,5.144013101,0.20155749,3.081283716,4.408373248,3.15181378,1.573052215,-5.31095435,-6.396643261,9.788674412,0.933255562,-3.896639974,
Taiwan Province of China,Industrial Production,Year-over-year (YOY) percent change,Annual,,,,,,,,,,,,,,,,,,,,,,,,,,,,,,,,,,,,,,,,,,,,,,,,,,,,,,,,,,,,,,,,,2.605853909,0.508305094,3.200221086,6.407269546,-1.280126167,1.971431242,4.999958334,3.642828232,,,,,,
"Macao Special Administrative Region, People's Republic of China",Industrial Production,Year-over-year (YOY) percent change,Annual,,,,,,,,,,,,,,,,,,,,,,,,,,,,,,,,,,,,,,,,,,,,,,,,,,,,,,,,,,,,,,,,-9.941897999,-0.322580645,-7.80294858,-1.599063963,24.81173207,14.48078755,7.323162275,22.84828121,-22.30170419,,,,,,
Ecuador,Industrial Production,Year-over-year (YOY) percent change,Annual,,,,,,,,,,,,,,,,,,,,,,,,,,,,,,,,,,,,,,,,,,,,,,,,,,,,,,,4.398175225,0.324929972,1.552378825,7.093368525,3.3682481,6.040135108,7.916432453,4.062852678,-11.2371736,9.398496241,4.656357388,-1.666393039,-0.500876534,1.359174427,-0.662196838,4.474627114,2.647950231,1.35975136,4.837102338,,,,,
"Egypt, Arab Republic of",Industrial Production,Year-over-year (YOY) percent change,Annual,,,,,,,,,,,,,,,,,,,,,,,,,,,,,,,,,,,,,,,,,,,,,,,,,,,,,,,,,,,,,,,,,-4.647990979,4.230897233,-4.293536597,2.245205071,0.048597274,-1.001311489,6.92306614,,,,,,,
Angola,Industrial Production,Year-over-year (YOY) percent change,Annual,,,,,,,,,,,,,,,,,,,,,,,,,,,,,,,,,,,,,,,,,,,,,,,,,,,,,,,,,,,,,,10.49711807,-2.528772582,-3.606191373,-3.6775,7.399621065,0.265828903,-0.28922632,6.719845299,-2.219705549,-4.81816076,,,,,,,
Bhutan,Industrial Production,Year-over-year (YOY) percent change,Annual,,,,,,,,,,,,,,,,,,,,,,,,,,,,,,,,,,,,,,,,,,,,,,,,,,,,,,,,,,,,,5.686565454,32.66744324,17.52778607,18.5661749,11.91862362,6.046500474,13.90700959,2.860726988,4.179220646,-12.05295128,4.672408106,14.66506238,-1.448630783,,,,,
Solomon Islands,Industrial Production,Year-over-year (YOY) percent change,Annual,,,,,,,,,,,,,,,,,,,,,,,,,,,,,,,,,,,,,,,,,,,,,,,,,,,,,,,,,,,,,,,,,65.35003012,5.453897752,-9.159313799,-3.320025991,-5.791002881,11.54406621,2.423799706,6.805099469,,,,,,
"Azerbaijan, Republic of",Industrial Production,Year-over-year (YOY) percent change,Annual,,,,,,,,,,,,,,,,,,,,,,,,,,,,,,,,,,,,,,,,,,,,,,,,,,,,,,,,,,,,,24.01171303,6.021251476,8.574610245,2.615384615,-4.997501249,-2.314571278,1.777059774,-0.687830688,2.397442728,-0.520291363,-3.39958159,1.515971846,1.813333333,-3.981141959,4.964539007,-1.091476091,,
"Kazakhstan, Republic of",Industrial Production,Index,Annual,Units,,,,,,,,,,,,,,,,,,,,,,,,,,,,,,,,,,,,,,,,,,,,,,,,,,,,,,,63.05952838,68.79120784,75.97653406,79.65210478,85.41142011,89.41862127,91.29233326,99.04143124,100,100.7059608,102.1213571,103.458325,103.6674899,101.9467193,99.47467251,107.8167876,,,,,,,
Georgia,Industrial Production,Index,Annual,Units,,,,,,,,,,,,,,,,,,,,,,,,,,,,,,,,,,,,,,,,,,,,,,,,,,,,,,35.64793885,43.23844082,51.77371285,54.27890777,73.02225359,96.21752366,102.8556068,97.2198801,86.04846224,100,123.491646,133.747288,131.0338677,137.8719261,147.1785208,148.1731774,,,,,,,,
Tunisia,Industrial Production,Index,Annual,Units,,,,,,,,,,,,,,,,,,,18.09500105,18.711739,20.47298577,20.46092244,22.13018628,23.82669252,25.61171213,26.71075313,28.90514707,29.68332711,30.41725046,33.32159538,36.92032768,41.1355095,44.10946188,45.72555926,45.22573533,49.12436199,49.27173507,49.86122742,49.95947614,50.05772487,51.87532626,52.90693786,52.71044041,56.82185477,58.98298282,59.14111414,62.04018837,63.99047466,65.72552666,68.5674979,73.32022261,77.23397282,82.08333333,85.08333333,85.41666667,83.33333333,86.58333333,86.75,89.33333333,98.33333333,99.33333333,95.83333333,100,93.83333333,96.75,97.83333333,96.775,94.41666667,93.9,92.881354,92.4,,,,,,
Trinidad and Tobago,Industrial Production,Index,Annual,Units,,,,,,,,,,,,,,,,,,,,,,,,,,,,,,,13.95955197,14.28714176,15.13605723,13.4487937,13.9806868,12.77600177,15.63624809,15.02333817,18.27457876,18.96850552,18.20765181,18.19356193,18.7043202,20.86359483,22.87492569,21.40957781,24.43890274,26.25016406,27.75298596,29.53143457,32.89145557,36.48116551,38.42367765,42.83370521,49.28468303,53.95064969,57.42223389,63.039769,68.76230476,75.92203701,81.30332065,91.84276152,100,101.286258,96.39716498,95.01246883,89.46712167,84.3680273,74.0320252,70.58669117,,,,,,,
"Korea, Republic of",Industrial Production,Index,Annual,Units,,,,,,,,,,,,,,,,,,,,,,,,,,,,,,,,,7.555189794,8.513130839,8.936981738,10.34538316,11.90393803,12.43042547,15.03435252,17.92148039,20.30112759,20.95115902,22.81002081,25.00898583,26.47518616,27.6708051,30.74496626,34.40514747,37.35700545,39.17621721,36.68155839,45.66969134,53.385047,53.69185927,58.00438796,61.21158736,67.57336513,71.85071729,77.89264734,83.28184651,86.08398854,85.97615855,100,105.9585415,107.4252211,108.1586567,108.4002918,108.1002848,110.4603718,113.2530248,114.9467703,115.3248942,115.0282419,124.440602,126.2042214,,
Cameroon,Industrial Production,Index,Annual,Units,,,,,,,,,,,,,,,,,,,,,,,,,,,,,,,,,,,,,,,,,,,,,,,,,,,,,85.96616595,92.01508629,88.2390035,91.51254481,95.7255847,97.72378517,100.168798,101.483376,104.7468031,100.9360614,100,102.2992327,104.9616368,115.4859335,123.398977,123.42711,117.3530148,118.3022151,119.9640487,118.4336647,122.4808184,125.9590793,,,
"San Marino, Republic of",Industrial Production,Index,Annual,Units,,,,,,,,,,,,,,,,,,,,,,,,,,,,,,,,,,,,,,,,,,,,,,,,,,,,,69.22331441,74.60888827,73.6674512,79.30222899,82.55572477,86.4599197,92.71770732,95.63200886,96.87802852,92.91845494,100,101.2667867,100.1522913,101.5644469,103.5422188,105.8459826,105.3747676,108.4950855,108.5652286,112.3148113,109.7841386,123.0617472,118.2091929,107.293253,
El Salvador,Industrial Production,Index,Annual,Units,,,,,,,,,,,,,,,,,,,,,,,,,,,,,,,,,,,,,,,,,,,45.29478896,51.96297608,58.93169484,63.96352858,67.09764432,69.51131263,69.608477,73.52216731,80.44832959,85.20147483,85.43082793,88.2817359,90.63288761,87.57672933,89.39686648,94.0430556,96.54748598,100.630649,101.2339719,98.04826118,100,104.6177504,106.1145384,106.2765009,109.1881858,111.4966061,111.9115212,114.0880057,116.2972466,,,,,,
"Armenia, Republic of",Industrial Production,Index,Annual,Units,,,,,,,,,,,,,,,,,,,,,,,,,,,,,,,,,,,,,,,,,,,,,,,,,,,,,,,,,,,,,,,100,113.94,123.92,132.47,136.04,143.2430548,153.0864647,172.3917748,,,,,,,
Ireland,Industrial Production,Index,Annual,Units,2.184376148,2.469294776,2.800168021,2.879822691,2.806295304,3.063641161,3.146359472,3.296477889,3.232141425,3.213759578,3.262777837,3.592885172,3.873208338,4.22169752,4.461427441,4.701157362,5.080282955,5.268696887,5.522213193,6.012395779,6.693290027,7.167388496,7.469923061,7.744118945,8.077289921,8.941236729,9.080632402,8.714035195,9.485457659,10.24805788,11.05672845,11.90852742,11.60540318,12.23544679,12.14638153,13.10290228,14.40193763,14.88764398,15.2109709,16.56069613,18.32997312,20.45207453,21.45130319,22.17897991,24.20283078,25.52932479,28.59163097,34.125006,36.88411355,43.33466444,51.88486585,59.57095116,68.08325275,75.58741888,81.765091,86.38887014,87.45764531,90.92926965,93.70353713,98.61535496,96.47780461,92.17238404,100,99.56670277,98.10849096,95.92533956,115.9903341,158.8367636,166.6714048,162.5026346,154.4694805,165.2685806,189.3151061,242.9268149,288.9156296,,
India,Industrial Production,Index,Annual,Units,,,,,,,,,,,,,7.192966393,7.851232529,8.612015522,9.32603644,10.13418102,11.06282788,10.98189351,10.89496402,11.58800195,12.40154216,13.0542549,13.60470932,14.38252534,14.62185335,14.91557408,15.62267955,17.15981807,18.05729809,19.28766162,19.51937464,19.66623501,21.44270153,21.87593696,22.99907938,25.13582922,27.41317622,29.24747868,32.52698915,34.91387114,36.82991614,40.89415494,41.55463461,42.74807561,43.56550095,47.63627914,53.68849636,58.31421081,61.47480101,63.54410021,68.35484324,73.44501718,76.67525773,76.92439863,78.1185567,83.65979381,86.47766323,91.70103093,98.9604811,102.9810997,91.40893471,100,104.6563574,102.9123711,102.3969072,103.7886598,103.1013746,107.7147766,110.5670103,112.0704467,117.4914089,119.742268,134.9914089,141.1426117,149.2869416,
United Kingdom,Industrial Production,Index,Annual,Units,33.89112191,36.10578928,38.32045666,39.19290138,37.98490099,40.40090176,42.48134687,44.56179198,44.49102742,45.40381067,44.73751071,47.38044757,50.71989848,50.98466923,51.47047983,53.46222376,57.29146081,59.02002421,59.73085019,59.31898458,62.31256379,64.42754936,64.76944553,64.40369614,65.55660181,71.44834735,70.02510518,66.24834522,68.39513509,71.93336284,73.97678875,75.5590524,70.31134383,67.44895733,67.61592988,69.38106821,69.82632834,73.39636038,75.03428154,78.11134703,82.15049241,83.85997324,83.87587538,81.08504855,81.43489579,83.20003413,87.59697783,89.13948611,90.35648579,91.60410181,95.30305805,99.92675334,102.2981139,106.6746017,108.3867424,111.3257645,111.3257645,110.3094671,114.8416041,112.9829702,110.3003113,102.5453214,100,95.13825307,95.76084966,97.66526277,99.65207837,104.3398645,104.312397,104.7427211,108.0021974,109.8608313,112.4336202,108.0479766,104.3215528,,
"China, People's Republic of",Industrial Production,Index,Annual,Units,,,,,,,,,,,,,,,,,,,,,,,,,,,,,,,,,,,,,,,,,,,,,,,,,,,,,,,,,,,,,,,100,114.3085116,125.7125494,137.9042284,149.299887,158.4080348,168.0273114,179.0040121,190.1231584,201.0914799,206.253043,226.7987452,,,
Brazil,Industrial Production,Index,Annual,Units,,,,,,,,,,,,,,,,,,,,,,,,,,,,43.28015107,48.43169249,49.47010393,52.50830794,56.16625755,61.32780293,55.08482896,55.10183569,52.24820497,55.95767497,60.70955796,67.34868892,67.9349213,65.73104787,67.65431003,61.63242363,60.02428646,57.78262129,62.12243831,66.84603983,68.07012409,69.24810225,71.94043823,70.48257661,70.02216508,74.67173711,75.84971527,77.9647015,78.21605907,84.75754925,87.13119182,89.45354256,94.77882707,97.69467965,90.72718196,100,100.4078869,98.10021156,100.1386473,97.11986803,89.10227978,83.37304953,85.47679863,86.30131853,85.36854099,81.5663537,84.77330496,84.18386359,,
Chile,Industrial Production,Index,Annual,Units,,,,,,,,,,,,,,,,,,,,,,,,,,,,,,,,,,,,,,,,,,,,,,,,,,78.5535442,78.14537046,75.50566187,78.41656072,79.83915263,81.28951145,85.5073067,92.98956627,98.05517816,101.2243094,105.4004543,105.6253663,98.52906694,100,103.5739123,107.0978877,110.7022993,111.0676828,111.5747029,110.6271903,109.3851573,113.2301316,112.5128064,111.3731469,,,,
Australia,Industrial Production,Index,Annual,Units,,,,,,,,,,,,,,,,,,,,,,,,,,,,33.5730643,35.20661358,35.42544691,35.98962316,37.92293397,38.48760318,39.67018262,39.3621566,37.85693383,40.38596242,42.70463613,42.29615924,45.55221605,49.08181954,50.86538695,52.86349812,52.68013308,53.02156398,54.45337682,57.16780431,59.07990787,61.62127415,62.51563321,64.47903377,65.19400068,73.44501718,76.67525773,76.92439863,78.1185567,83.65979381,86.47766323,91.70103093,98.9604811,102.9810997,91.40893471,100,104.6563574,102.9123711,102.3969072,103.7886598,103.1013746,107.7147766,110.5670103,112.0704467,117.4914089,113.3591065,113.7590321,112.8621937,,
Canada,Industrial Production,Index,Annual,Units,13.08760153,13.55837856,14.54701033,15.91226373,16.57135158,17.79537187,17.74829416,19.7255577,21.79697665,22.13044372,21.99705689,23.92331958,24.40586604,25.38665153,27.90322226,29.70054892,32.6558742,35.55687748,37.83892346,39.03505193,41.8268889,44.53097497,44.00760347,46.46828522,50.55653742,56.32772671,57.15143614,52.93573619,56.38466033,58.36898001,60.82548315,63.78655402,61.78604221,61.75254859,57.0260284,60.13302905,67.63235609,71.06672097,70.53128241,73.48347939,78.36116081,78.1184833,75.96807824,73.26265652,74.19147852,77.77336218,82.63055488,86.42301658,87.45058625,91.99155337,94.96436181,100.5818156,107.6634791,104.2778511,106.2585608,106.3578024,108.6895039,111.1616655,110.9359147,109.355659,105.7347682,94.34259588,100,104.7632787,104.6183797,106.4202643,111.7067015,111.1765676,111.0323027,115.1202313,119.0036526,118.918996,109.7152115,115.085037,119.5537617,,
Mexico,Industrial Production,Index,Annual,Units,,3.05948727,3.27641913,3.571895284,3.792567349,3.740204486,4.0020188,4.450843339,4.918368899,5.226935769,5.46069855,5.895497321,6.396684722,6.708056746,7.050285456,7.702951139,8.871806909,9.484977149,10.37279656,11.18396969,11.90284042,12.93967321,13.84862996,14.11129426,15.54327555,17.10889306,18.36115666,19.22633603,19.74936057,20.43251817,22.47277469,25.91045141,28.44147545,30.9546099,30.15150618,27.16505965,28.51781611,30.07821915,28.30406227,29.09189786,29.90110883,31.73633824,33.87387666,35.00982564,36.53969243,36.64962297,38.40240447,35.399163,38.92726645,41.89071585,44.12817787,45.12093051,46.89194954,45.69246316,45.25703022,45.98835082,47.86962784,49.04585668,51.18167461,54.09215404,71.76267776,84.34108639,100,111.9186236,118.6857837,135.1914271,139.0588847,144.8704623,127.4092961,133.3623784,152.9200543,150.7048074,,,,,
Malaysia,Industrial Production,Index,Annual,Units,,,,,,,,,,,,,,,,,,,,,5.052648396,5.5124394,5.972230405,6.085072885,6.679180126,7.610130593,8.465291334,8.46697555,9.773927269,10.61224585,11.63498609,12.65309475,13.38783403,13.81899336,14.579038,16.38932613,19.01493487,18.54969543,20.31737499,22.02517226,25.14711317,28.13961964,31.55962703,35.09070084,38.1439795,41.72744313,46.80925558,52.93337683,58.76240154,65.0462221,60.36286634,65.83430346,78.42624665,75.83818051,79.36736161,86.66100255,96.07215215,100,105.0083333,107.2836356,108.0771011,99.93333333,100,102.3900088,106.7037176,110.3288439,116.0457098,121.5209005,126.5227008,132.1499287,136.1213329,,,,,,
Iceland,Industrial Production,Index,Annual,Units,,,,,,,,,,,,,,,,,,,,,,,,,,,,,,,,,,,,,,,,,,,,,,,,,,,33.28234605,34.52616463,36.61039172,43.23779302,45.21936571,43.74665652,47.7000053,53.61722292,62.64864038,63.02797881,85.43693629,88.60676683,100,112.1133636,117.1208308,112.4111311,113.6428131,124.3539072,113.1507482,114.1525327,,,,,,,
"Azerbaijan, Republic of",Industrial Production,Index,Annual,Units,,,,,,,,,,,,,,,,,,,,,,,,,,,,,,,,,,,,,,,,,,,,,,,,,,,,,,,,,,,68.26586707,84.65767116,89.75512244,97.45127436,100,95.00249875,92.8035982,94.45277361,93.80309845,96.05197401,95.55222389,92.30384808,93.70314843,95.40229885,91.6041979,96.15192404,95.10244878,,
Bosnia and Herzegovina,Industrial Production,Index,Annual,Units,,,,,,,,,,,,,,,,,,,,,,,,,,,,,,,,,,,,,,,,,,,,,,,,,,,,,,,,,,,87.35784685,92.88286581,102.4924185,95.8206975,100,102.378696,98.37945413,103.4401061,103.6485974,106.8423048,111.5523124,115.0682335,116.8783169,110.6709629,103.5917362,113.7319939,114.7934041,110.3203184,
Euro Area (EA),Industrial Production,Index,Annual,Units,,,,,,,,,,,,,,,,,,,,,,,,,,,,,,,,,,,,,,,,,,,,,,,,,,,,,98.82403805,99.34284479,98.97968007,99.32555123,101.4613057,103.1387808,107.3497622,111.4137484,109.433636,93.27280588,100,103.3981842,100.9079118,100.0864678,101.1500216,103.7699957,105.438824,108.5862516,,,,,,,
Algeria,Industrial Production,Index,Annual,Units,,,,,,,,,,,,,,,,,,,,,,,,,,,,,,,,,,,,,,,,,,,,,103.5346507,105.4272196,98.52490955,97.46729752,90.28666852,87.05816866,93.29251322,93.4567214,94.85109936,94.6284442,95.80228222,96.79933203,97.17790148,98.73566797,98.43423597,100.0583837,102.1987197,102.2543835,100,100.4174784,102.0873922,103.0336766,107.5146117,109.0175341,110.6874478,113.1923184,,117.4784303,108.3774005,112.3851934,115.6693571,120.6512664,
Russian Federation,Industrial Production,Index,Annual,Units,,,,,,,,,,,,,,,,,,,,,,,,,,,,,,,,,,,,,,,,,,,,,,90.23009676,70.67492855,67.48658591,64.43464808,65.77511234,62.34718202,63.08429675,69.16397564,71.20004672,73.46078349,80.45664047,86.90032184,91.35969849,97.22453675,103.8006327,104.3757286,93.24053944,100,105.0254188,108.5423785,110.467539,113.2094341,119.1265939,121.243437,125.7188099,130.1358447,134.5445454,131.6609717,138.7365614,,,
"Macao Special Administrative Region, People's Republic of China",Industrial Production,Index,Annual,Units,,,,,,,,,,,,,,,,,,,,,,,,,,,,,,,,,,,,,,,,,,,,,,,,,,,,,,,,,,,,,,111.0394265,100,99.67741935,91.89964158,90.43010753,112.8673835,129.2114695,138.6738351,170.3584229,132.3655914,,,,,,
Japan,Industrial Production,Index,Annual,Units,,,,,,5.369635832,5.846645046,6.167860425,7.530847438,8.900718224,8.74239145,10.47710219,13.09293586,15.63993179,16.94096485,18.84776991,21.83532731,22.65449627,25.65582121,30.63278894,35.35505708,40.99975077,46.63756069,47.85598847,51.31852619,59.0077004,56.64656633,50.42363573,56.03391055,58.33997444,62.03656043,66.59361802,69.71885087,70.41411192,70.63439265,72.91980522,79.70032142,82.61215732,82.47448186,85.31748002,93.22005119,98.61473008,102.7727826,104.7065675,98.68112613,95.24513065,96.44025951,99.60237129,101.9345325,105.5365181,98.62302959,98.93600817,104.3175011,97.71886923,96.61475034,99.8528674,104.590509,106.0842803,110.6893386,113.774109,110.132489,86.97608533,100,97.07524373,97.70852429,96.85859512,98.53667757,97.28824908,97.34499583,100.0931599,101.1419208,98.48262406,88.65061291,93.26744759,93.22312598,,
Jordan,Industrial Production,Index,Annual,Units,,,,,,,,,,,,,,,,,,,7.505890245,6.837866013,6.957960257,8.316526391,7.198148745,8.534197209,10.44194431,11.47337873,11.96564003,12.83194486,16.03993108,16.65214219,20.44785107,24.4884444,29.22899909,34.08179249,35.21846445,36.96326612,42.35480529,45.36688395,45.98317647,50.25845072,46.16888051,48.45038724,48.75241139,48.17489224,51.93386846,56.01340446,59.14945227,66.48398435,63.05331612,65.28620794,66.60721238,68.20917671,70.88076031,75.56525583,83.98552326,76.87810808,86.13051166,94.87622942,100.3668914,103.5545364,104.9861863,103.2346116,100,99.748591,99.91159244,101.4255719,103.2114046,104.4667919,102.0416233,101.5473495,95.40282761,,,,,,
Bhutan,Industrial Production,Index,Annual,Units,,,,,,,,,,,,,,,,,,,,,,,,,,,,,,,,,,,,,,,,,,,,,,,,,,,,,,,,,,,51.18167461,54.09215404,71.76267776,84.34108639,100,111.9186236,118.6857837,135.1914271,139.0588847,144.8704623,127.4092961,133.3623784,152.9200543,150.7048074,,,,,
"Egypt, Arab Republic of",Industrial Production,Index,Annual,Units,,,,,,,,,,,,,,,,,,,,,,,,,,,,,,,,,,,,,,,,,,,,,,,,,,,,,,,,,,,,,,,100,95.35200902,99.38625453,95.11906932,97.25468749,97.30195062,96.32765501,102.9964823,,,,,,,
Paraguay,Industrial Production,Index,Annual,Units,,,,,,,,,,,,,,,,,,,,,,,,,,,,,,,,,,,,,,,,,,,,,,,,,,,,,,,,,,78.18181818,81.84971098,86.67367315,91.56069364,88.50236469,100,104.2879664,103.8255386,120.2207042,126.0956385,128.3342091,133.5365213,140.1576458,145.2968996,145.6016816,145.170783,151.812927,,,
Ecuador,Industrial Production,Index,Annual,Units,,,,,,,,,,,,,,,,,,,,,,,,,,,,,,,,,,,,,,,,,,,,,,,,,,,,,73.44501718,76.67525773,76.92439863,78.1185567,83.65979381,86.47766323,91.70103093,98.9604811,102.9810997,91.40893471,100,104.6563574,102.9123711,102.3969072,103.7886598,103.1013746,107.7147766,110.5670103,112.0704467,117.4914089,,,,,
New Zealand,Industrial Production,Index,Annual,Units,,,,,,,,,,,,,,,,,,,,,,,,,,,,,,,60.9494251,64.37930578,64.29912675,67.24347887,70.69117711,70.20119415,78.2859129,78.65117292,77.64448067,76.87308797,75.26994079,75.24777556,74.00652291,71.47968715,73.77853773,78.41423641,82.61612995,84.39568095,86.10873627,86.47604572,85.02580666,86.64703461,89.70266933,89.53801336,94.64868117,97.7518128,101.2412527,101.4914031,100.4718027,104.7908553,102.8814794,96.80504101,100,97.12168709,97.73281403,98.32810867,101.5072354,102.8751464,104.9238466,105.9054495,107.7261645,109.2112346,104.4963744,107.5773408,103.6857604,,
Solomon Islands,Industrial Production,Index,Annual,Units,,,,,,,,,,,,,,,,,,,,,,,,,,,,,,,,,,,,,,,,,,,,,,,,,,,,,,,,,,,,,,,100,165.3500301,174.3680517,158.3971347,153.1383086,144.2700648,160.9246966,164.8251889,176.0417069,,,,,,
Taiwan Province of China,Industrial Production,Index,Annual,Units,,,,,,,,,,,,,,,,,,,,,,,,,,,,,,,,,,,,,,,,,,,,,,,,,,,,,,,,,,,,,,,100,102.6058539,103.1274047,106.4277096,113.2468199,111.7971177,114.001121,119.7011296,124.0616361,,,,,,
Albania,Industrial Production,Index,Annual,Units,,,,,,,,,,,,,,,,,,,,,,,,,,,,,,,,,,,,,,,,,,,,,,,,,,,,,,,,,,42.22973976,51.18167461,54.09215404,71.76267776,84.34108639,100,111.9186236,118.6857837,135.1914271,139.0588847,144.8704623,127.4092961,133.3623784,152.9200543,150.7048074,148.1437171,183.3475397,,,
Angola,Industrial Production,Index,Annual,Units,,,,,,,,,,,,,,,,,,,,,,,,,,,,,,,,,,,,,,,,,,,,,,,,,,,,,,,,,,,,96.32155249,106.4325396,103.7411027,100,96.3225,103.45,103.725,103.425,110.375,107.925,102.725,,,,,,,
"Croatia, Republic of",Industrial Production,Index,Annual,Units,,,,,,,,,,,,,,,,,,,,,,,,,,,,,,,,,,,,,,136.3392672,142.6044659,146.021847,144.0283747,143.1740294,126.9414692,90.77418574,77.53183394,72.97532579,71.1954398,71.36749545,73.53302341,78.54636896,81.32299111,80.32072512,81.49729824,86.36046714,90.63099181,93.61164372,96.60972634,101.0109813,105.1856371,110.3974203,111.7308698,101.3857417,100,98.77113474,93.28917553,91.58096566,92.67910058,95.18040788,100.2265993,101.638487,100.636221,101.1940038,98.44866655,104.6017082,105.8392888,105.525536,103.5645808
Bulgaria,Industrial Production,Index,Annual,Units,,,,,,,,,,,,,,,,,,,,,,,,,,,,,,,,,,,,,,,,,,,,,,,,,,,,,70.33794788,71.76302932,75.1526873,84.94503257,95.85708469,102.5040717,108.6522801,119.1266287,119.9002443,98.0252443,100,105.8224756,105.4560261,105.3135179,107.2577362,110.3420195,113.2634365,117.1416938,117.5692182,118.1799674,111.2479642,122.1498371,137.6526873,126.1706026,122.271987
Norway,Industrial Production,Index,Annual,Units,,59.66450461,66.0571301,70.31888043,70.31888043,73.51519318,78.84238109,15.09281122,16.00642394,16.36512126,16.44769268,17.13223632,18.85203015,20.15719119,20.96692376,21.99951035,23.84449309,25.78181376,26.86145718,27.8505384,28.93195755,30.64020914,31.94714591,33.34020554,35.68061677,37.65877921,39.46025659,41.43841903,43.82499922,43.68915593,48.14357289,51.69947082,53.90403875,53.45389137,53.53823851,58.26434205,61.95341968,65.51109334,68.17912662,72.6983577,74.79371828,81.75457715,83.77890856,85.90978372,90.75752472,93.98047341,100.5684291,106.5792728,112.5154588,116.143128,115.2444554,114.9888697,118.6165389,117.7590898,116.6955231,113.7768983,113.480089,113.480089,111.0149229,109.7040152,110.2481656,105.9032072,100,95.04493363,96.68562948,94.10503751,96.11674499,97.53483387,96.35584137,96.06727677,94.30291038,90.18880369,96.85052354,98.92818864,98.5241982,98.8127628,103.7018715
Italy,Industrial Production,Index,Annual,Units,,,,16.45481403,17.00330783,18.2831267,19.76993751,21.51229393,23.19962846,24.99639059,25.77997038,28.52249963,32.97092702,36.54295657,40.05734122,43.6088531,44.07978259,46.13448121,51.30591239,55.3566877,58.60629664,60.67565074,64.65119456,64.4030284,67.22372022,73.73954765,77.04484742,69.97601979,78.66476673,79.51576173,81.02918454,86.42533311,91.23135427,89.19521927,86.44096563,84.40385359,87.16299239,87.29684579,90.88157676,93.26944334,99.70026897,103.5869029,101.6113439,100.6687077,100.4431196,98.05027393,103.158234,108.7093136,107.7425073,111.3116339,113.3983242,113.5272317,117.0883016,116.1698356,114.6148888,113.4144376,114.4698679,112.4234612,115.9361908,118.9010635,115.098292,93.57879471,100,100.4270061,94.4489204,91.49210442,90.50918466,92.19303899,93.42571705,96.31807928,97.90525298,96.84176603,86.19883983,96.68063165,96.326136,93.92523364,91.20206252
Spain,Industrial Production,Index,Annual,Units,,,,,,,,,,,,,,19.12366566,21.11718164,22.9505216,25.91088319,29.99826639,34.37608924,35.43460184,38.32452457,44.39191494,47.62727752,50.77965734,59.03837142,65.54190371,70.43209684,68.59103755,72.12757368,75.89018975,77.61808639,78.27210335,79.17642309,78.40936617,77.52926928,79.60436011,80.29874849,81.88938232,84.42470731,88.30843763,91.0456197,95.10698426,95.13928139,94.42067017,91.74808236,87.41219217,93.81509891,98.19136052,97.50504643,104.1824788,109.7779572,112.7250706,117.1901494,115.8175212,115.7287041,117.4566007,119.7496972,119.9515543,124.3520388,127.3395236,118.2801776,99.10375454,100,97.90068631,91.42511102,89.69721437,91.08599112,94.1138474,95.49454986,98.2963262,99.15220024,99.60436011,90.31893419,96.89140089,99.13605168,97.52119499,98.26402907
Germany,Industrial Production,Index,Annual,Units,,,,,,,,,,,27.33297207,29.28884648,32.69493336,34.758423,36.21835975,37.44296921,40.54047266,42.77510942,43.48109126,42.55274783,47.78051422,54.02608732,57.54756885,58.05517563,60.1971077,64.06931115,62.95555834,59.04834752,63.0242765,64.6663812,63.451496,66.6475387,66.64300071,65.42487409,63.29785257,63.72183065,65.64853225,68.79725018,70.05946015,70.3297948,72.86134586,76.45024898,80.40543286,83.2267671,82.08811422,75.98318297,78.11158798,78.83857406,78.75974424,81.00201454,84.4179732,85.61793816,89.90978366,89.87474818,88.85871945,89.34921608,93.13304721,95.97092056,101.0598231,106.8757117,107.5413857,89.91854252,100,107.0158536,106.1925199,106.0261014,107.4625558,109.0128755,110.0902163,112.7704301,113.8915652,110.0026277,100.3766313,105.1151791,104.6509591,102.2335114,97.35482176
"Netherlands, The",Industrial Production,Index,Annual,Units,18.82328105,20.53448841,23.10129947,23.95690315,23.95690315,26.5237142,29.09052525,32.34181925,18.96374265,19.68102374,19.79510423,21.75942769,24.00182234,25.04066782,26.21854889,27.74294945,30.51802173,32.24369693,34.01601199,35.46962128,39.74494271,44.29233006,48.53655825,51.19503085,53.81463689,57.91894547,60.64737787,55.7501915,59.99441969,60.25093898,60.77952417,62.97159807,62.45078619,61.13709651,58.91392936,60.61628463,63.38358359,65.9798697,65.73112372,66.96708028,67.82991788,70.61276347,72.71933094,73.98638075,73.85423445,72.99917016,76.55157361,78.75919413,80.64033556,80.25166998,81.76242749,84.21132333,88.76009273,89.79135023,90.75065953,89.39163802,93.55663922,93.97233992,95.82700456,99.88808058,100.5356144,92.81317451,100,99.312495,98.73690943,99.29650652,96.51450955,93.10896155,94.42001759,95.42729235,96.73834839,95.40330962,92.2855544,95.93092973,99.43240867,98.25725478,96.29866496
Czech Republic,Industrial Production,Index,Annual,Units,,,,,,,,,,,,,,,,,,,,,,,,,,,,,,,,,,,,,,,,,,,,,,62.03940837,63.34005457,62.94436985,64.20387541,67.07832981,68.18200276,65.99616773,69.494993,74.65274039,76.18175945,78.97060407,87.20792506,90.58899537,98.11564553,108.5818887,106.6113923,92.07494347,100,105.9007214,105.0177668,104.9316249,110.1539787,114.8917842,118.832777,126.531711,130.3757941,130.1066006,121.0078605,129.2021105,131.9155809,130.2788845,129.3420911
Belgium,Industrial Production,Index,Annual,Units,19.47594948,19.34865569,20.15484968,22.955313,21.17319998,21.38535629,22.23398154,24.01609456,25.54044026,25.42928355,24.33332833,25.43802621,27.19155457,28.92072836,30.55061049,32.97794835,34.9469209,35.81119556,36.53371419,37.15444324,39.21458927,43.05636507,44.33029593,45.11213977,48.50741529,51.44744788,53.5569275,48.32694175,52.0638056,52.29735959,53.57441283,55.98551432,55.29047263,53.76487798,53.75113951,54.79588771,56.17660395,57.56418942,58.02068131,59.26026599,62.72048701,64.87055757,65.85285818,64.57393152,64.31477401,61.02316149,62.29396997,65.90718758,66.2256703,69.18568611,71.52344838,72.16180413,73.45101291,76.67337993,76.95770643,78.14240019,83.67492003,86.44710342,91.73083758,98.95746949,103.0091221,91.41097026,100,104.6676934,102.9380405,102.4167753,103.802867,103.1275915,107.7360502,110.5793152,111.8824784,117.4979268,113.1856415,142.1632508,141.0733325,130.5058642,127.2834972
Vietnam,Industrial Production,Index,Annual,Units,,,,,,,,,,,,,,,,,,,,,,,,,,,,,,,,,,,,,,,,,,,,,,,,,,,,,,,,,,,,,84.34597157,90.29627759,100,106.772364,111.3881235,76.00993052,81.65650449,91.38056666,106.4790145,75.18162402,83.43747021,89.18384658,91.2877024,93.38408638,107.7086653,95.47780186,104.5245954
"Lithuania, Republic of",Industrial Production,Index,Annual,Units,,,,,,,,,,,,,,,,,,,,,,,,,,,,,,,,,,,,,,,,,,,,,,,,54.13095316,56.02553653,60.51840564,69.00084199,60.13191131,59.64075218,67.27476845,70.99354477,81.70081392,91.32753298,97.55823744,102.8627561,105.1782206,110.0757788,94.55515015,100,106.0903733,109.7670502,113.1349986,112.6859388,117.5413977,120.3480213,128.2486669,134.9424642,139.4891945,139.7979231,168.3833848,177.6873421,168.2570867,174.9789503
Greece,Industrial Production,Index,Annual,Units,,,,,,,,,,,,,,,,,,,,,,,,,,,,,,,,,,,,,,,,,,,,,,,,102.7590165,103.6905909,104.1034478,113.4231513,115.619096,123.8197609,119.6577522,119.8383352,120.5434689,121.2744002,119.3137845,120.3542867,123.0716313,117.8605211,106.4665921,100,94.18694643,92.2521283,89.24241121,87.48817611,88.33949609,90.77306733,94.47931894,96.14756213,95.35643649,93.44741594,103.1988993,105.787256,108.1692321,113.8446986
"Latvia, Republic of",Industrial Production,Index,Annual,Units,,,,,,,,,,,,,,,,,,,,,,,,,,,,,,,,,,,,,,,,,,,,,94.94069702,66.66013482,61.34398907,66.66013482,70.29311217,72.70954206,74.29272026,67.82668718,69.75427608,77.10190316,82.43796675,88.88219706,95.26620092,102.0476993,108.6485184,109.877138,106.4201397,87.03926765,100,109.0098771,115.7311491,114.6952542,113.4545893,117.5861238,123.8978559,134.2808962,136.2201879,137.5331245,135.5576969,144.5675741,145.892556,138.1835702,135.3890629
Romania,Industrial Production,Index,Annual,Units,,,,,,,,,,,,,,,,,,,,,,,,,,,,,,,,,117.0973819,119.3664226,120.1289691,127.38246,133.7060162,144.0654892,154.4621595,154.74114,159.9487745,156.3034303,133.1790532,104.9152368,80.52614852,81.25769717,83.77759475,91.69727284,100.7419052,94.1470806,78.04935207,74.04281866,79.33066227,82.45345275,82.13528164,81.52250766,83.69078482,81.05114306,88.59297667,97.74923403,100.3181711,94.77963705,100,107.4711289,110.0518501,118.7013905,125.9132689,129.3777987,133.4315343,143.848692,148.8569408,145.5220363,132.0527928,141.4093802,142.0457224,137.8505774,135.6940844
Hungary,Industrial Production,Index,Annual,Units,,,,,,,,,,,,,,,,,,,,,,,33.50525977,35.83201392,37.69341724,40.48552223,44.20832887,46.53508302,48.67569684,51.88661757,54.44604713,56.28418291,55.07427075,56.6128992,57.9933509,58.36003338,60.09278785,61.58827719,62.67394493,64.15505456,63.50796783,60.28691387,54.72196798,44.68493378,40.32069326,41.88808112,45.90001886,51.27802859,53.00260495,58.84179556,66.17314638,73.02550887,70.46383081,73.07137707,75.41456381,80.56957462,86.87815429,92.71809661,101.9226148,109.973564,110.0456621,90.4950733,100,105.6236482,103.7490988,104.8425859,112.9295842,121.2929584,122.4224946,128.0341264,132.5642874,140.026436,131.4347513,144.1961067,152.9440038,144.592646,138.8248017
Austria,Industrial Production,Index,Annual,Units,,,,,,8.595381978,10.3549668,12.05125721,12.66488874,13.38208677,13.72126707,14.51808185,16.0502188,16.69233112,17.14284541,17.94419123,19.33327695,20.18316957,21.11785726,21.28162179,22.86618928,25.44046417,27.68656271,29.39670459,31.73342381,33.33158441,34.97440807,32.80145338,34.66241398,36.00942581,37.01272631,39.80449085,40.86151647,40.1676209,39.92877066,40.27248199,42.37747116,44.37306822,44.83329186,45.26762389,47.22503079,50.03621406,53.60731654,54.53164758,53.87917861,53.0014525,55.12132936,57.92280326,57.68311237,61.3236253,66.51814823,70.75635731,77.49402304,79.90654206,80.67811345,82.14518583,87.9048033,91.43664421,98.01130189,103.6296457,106.4985873,93.43620952,100,105.8900239,107.0962834,107.4440339,107.2918931,109.5305368,112.0082591,117.7678765,123.7231037,124.0056509,117.2788524,130.4064334,139.013258,138.5785699,132.4386003
"Estonia, Republic of",Industrial Production,Index,Annual,Units,,,,,,,,,,,,,,,,,,,,,,,,,,,,,,,,,,,,,,,,,,,,,,,,,,,54.08503846,52.24205485,59.81715281,65.12842838,70.58482078,78.36308228,86.48962415,95.99477579,105.4854158,112.2478595,106.5592802,80.96067334,100,119.9100276,121.2305906,126.2080975,131.0985343,131.5048614,135.9744594,141.4163402,148.2078073,158.4675664,153.7077347,174.1401828,177.2747061,160.0783631,153.6351763
"Poland, Republic of",Industrial Production,Index,Annual,Units,,,,,,,,,,,,,,,,,,,,,,,,,,,,,,79.96611111,82.80712237,84.39474631,83.55915476,72.19510971,70.02257169,75.97616147,79.77810301,82.64696732,86.11237945,88.8456984,93.19206051,90.56845929,67.52966032,56.75165757,58.76443258,61.55998908,69.61108912,53.67186157,58.6806797,48.58803617,50.85158859,53.27932357,56.8852459,57.13114754,57.95081967,63.08743169,71.2704918,74.28961749,83.36065574,91.17486339,93.64754098,89.93169399,100,106.7213115,108.0327869,110.5601093,114.3442623,119.863388,123.3060109,131.4071038,139.1803279,144.9453552,143.1284153,163.9344262,180.7786885,178.6065574,179.8907104
Hungary,Industrial Production,Year-over-year (YOY) percent change,Annual,,,,,,,,,,,,,,,,,,,,,,,,,6.944444445,5.194805194,7.407407407,9.195402301,5.263157894,4.6,6.596558318,4.932735426,3.376068376,-2.149648615,2.793733681,2.438404877,0.63228366,2.969077245,2.488633644,1.762783096,2.363198348,-1.008629385,-5.071889505,-9.230769231,-18.3418736,-9.766693484,3.887303852,9.577754892,11.71679198,3.363187717,11.01679929,12.45942743,10.35520127,-3.507922231,3.700545703,3.206709423,6.835564054,7.829977629,6.721991701,9.927423536,7.899080406,0.065559441,-17.76588775,10.50325322,5.623648161,-1.774744027,1.053972666,7.713467049,7.405831028,0.931246285,4.583824107,3.538244955,5.629079043,-6.135759032,9.709270433,6.066666667,-5.460402263,-3.989030167
Belgium,Industrial Production,Year-over-year (YOY) percent change,Annual,,,-0.653594771,4.166666669,13.89473684,-7.763401109,1.002004008,3.968253968,8.015267176,6.347183941,-0.435218465,-4.309815574,4.539855258,6.89333497,6.359231105,5.635688375,7.945300683,5.970573198,2.473106751,2.017577512,1.699058168,5.544817386,9.796802344,2.958751523,1.763678368,7.526301218,6.060996176,4.10026097,-9.765283397,7.732464982,0.448591853,2.441907673,4.500472077,-1.241467006,-2.759236043,-0.025552871,1.943676371,2.519744265,2.470041575,0.793013669,2.136453165,5.839023773,3.428019555,1.514247208,-1.942097427,-0.401334558,-5.117972619,2.082501868,5.800268661,0.483229107,4.469589816,3.378968106,0.892512543,1.786552871,4.387096774,0.370828183,1.539408867,7.080048514,3.313039785,6.112100863,7.87808343,4.094337364,-11.25934445,9.396060135,4.667693401,-1.652518393,-0.506387386,1.353383459,-0.650536407,4.468696152,2.639102705,1.178487251,5.01905972,-3.670094777,25.60184216,-0.766666667,-7.490762513,-2.469135802
Greece,Industrial Production,Year-over-year (YOY) percent change,Annual,,,,,,,,,,,,,,,,,,,,,,,,,,,,,,,,,,,,,,,,,,,,,,,,,,0.906562275,0.398162328,8.952348575,1.936063832,7.092829188,-3.361344538,0.150916277,0.588404133,0.606363247,-1.616677303,0.872072072,2.257787939,-4.234209055,-9.667298993,-6.073822793,-5.813053573,-2.054231717,-3.262490679,-1.965696666,0.973068606,2.754794121,4.08298598,1.765723127,-0.822824434,-2.001983948,10.43526272,2.508124323,2.251666396,5.246839971
"Latvia, Republic of",Industrial Production,Year-over-year (YOY) percent change,Annual,,,,,,,,,,,,,,,,,,,,,,,,,,,,,,,,,,,,,,,,,,,,,,,-29.78760751,-7.975,8.666123336,5.45,3.437648174,2.177400871,-8.703454464,2.841932842,10.5335866,6.920793626,7.817066043,7.18254506,7.118472626,6.468366383,1.130820399,-3.14623986,-18.21165818,14.89067257,9.009877138,6.165745856,-0.895087427,-1.081705524,3.641575539,5.36775251,8.380322769,1.444205239,0.963834114,-1.436328604,6.64652568,0.916513914,-5.284015852,-2.022315202
Austria,Industrial Production,Year-over-year (YOY) percent change,Annual,,,,,,,,20.47128129,16.38141809,5.0918466,5.662884596,2.534584502,5.807151618,10.55330153,4.000645265,2.698929735,4.674520465,7.741144218,4.396009107,4.631025304,0.775478927,7.445708376,11.25799694,8.828842582,6.176793772,7.948915557,5.036206017,4.928729561,-6.212984898,5.673408979,3.886087768,2.786216318,7.542715238,2.65554363,-1.698164019,-0.594633793,0.860811205,5.226867255,4.709098963,1.037168865,0.968771205,4.324076987,5.952739933,7.137035743,1.724262841,-1.196495976,-1.629063649,3.999658045,5.082377256,-0.41381094,6.311228335,8.470671629,6.371507924,9.522346798,3.113167859,0.965592275,1.818426724,7.011509459,4.017801953,7.190396957,5.732342832,2.768456376,-12.26530612,7.024889509,5.890023908,1.139162562,0.32470827,-0.141600081,2.086498531,2.262129179,5.142136412,5.056750023,0.228370663,-5.424590308,11.19347665,6.6,-0.312695435,-4.430677541
Romania,Industrial Production,Year-over-year (YOY) percent change,Annual,,,,,,,,,,,,,,,,,,,,,,,,,,,,,,,,,,,1.937738247,0.638828295,6.038086391,4.964228355,7.747948255,7.216627937,0.180614088,3.365384615,-2.279069767,-14.79454228,-21.22241877,-23.2464693,0.908461005,3.101118618,9.453217317,9.863578369,-6.546257591,-17.09848932,-5.133333333,7.141602249,3.936423054,-0.385879663,-0.746054519,2.659728245,-3.154041115,9.305030532,10.33519553,2.62808921,-5.520967931,5.507895064,7.471128918,2.401315789,7.859513867,6.075647771,2.751520824,3.133254395,7.807118255,3.481608913,-2.240341989,-9.255810187,7.085489916,0.45,-2.953376473,-1.564369978
"Poland, Republic of",Industrial Production,Year-over-year (YOY) percent change,Annual,,,,,,,,,,,,,,,,,,,,,,,,,,,,,,,,3.55276907,1.917255298,-0.99009901,-13.6,-3.009259259,8.502386635,5.004124278,3.596054814,4.19302999,3.174130095,4.892034376,-2.815262593,-25.43799369,-15.9603983,3.546636518,4.75722537,13.07846244,-22.89754083,9.332298137,-17.19926147,4.658662093,4.774157598,6.767958163,0.432276657,1.43472023,8.863743517,12.97098311,4.236151045,12.21037146,9.373975746,2.712016782,-3.967906637,11.19550357,6.721311475,1.228878648,2.339403136,3.422710985,4.826762246,2.872122179,6.569909151,5.915375819,4.142127994,-1.253534402,14.53660399,10.275,-1.201541601,0.718984244
Vietnam,Industrial Production,Year-over-year (YOY) percent change,Annual,,,,,,,,,,,,,,,,,,,,,,,,,,,,,,,,,,,,,,,,,,,,,,,,,,,,,,,,,,,,,,,7.054641626,10.74653648,6.772363963,4.32299082,-31.76118947,7.42873192,11.90849673,16.5226025,-29.39301288,10.98120226,6.887045293,2.359009958,2.296458263,15.33942186,-11.35550556,9.475284661
"Netherlands, The",Industrial Production,Year-over-year (YOY) percent change,Annual,,,9.090909091,12.5,3.703703704,0,10.71428571,9.677419355,11.17647059,-41.36463845,3.782381472,0.57964714,9.923279185,10.30539354,4.32819416,4.703872437,5.814206461,10.00280191,5.65461029,5.496624879,4.273308958,12.05347359,11.44142382,9.582309582,5.477258168,5.116914667,7.626751408,4.710777077,-8.074852602,7.612939208,0.42757191,0.877306154,3.606599309,-0.827058388,-2.103559871,-3.636363636,2.889563267,4.565273147,4.096149129,-0.377002828,1.880321665,1.288450377,4.102681641,2.983267283,1.742383752,-0.178608951,-1.157772866,4.86636141,2.883834281,2.388472167,-0.481974166,1.882524701,2.995135932,5.401612542,1.161848149,1.068376068,-1.497533474,4.659273833,0.444330514,1.973628243,4.237924418,0.648259304,-7.68129771,7.74332472,-0.687504996,-0.579570152,0.566755728,-2.801706787,-3.528534747,1.40808792,1.066802134,1.373879534,-1.380051235,-3.267973856,3.95010395,3.65,-1.181862036,-1.993328452
"Croatia, Republic of",Industrial Production,Year-over-year (YOY) percent change,Annual,,,,,,,,,,,,,,,,,,,,,,,,,,,,,,,,,,,,,,,,4.595300261,2.396405392,-1.365187713,-0.593178448,-11.33764296,-28.49130679,-14.58823529,-5.876951331,-2.43902439,0.241666667,3.034333694,6.817815072,3.535010197,-1.23245097,1.46484375,5.967276227,4.944999495,3.288777767,3.202681315,4.555705909,4.132873167,4.954842986,1.207862951,-9.258970359,-1.366801341,-1.228865261,-5.55016324,-1.831091181,1.19908641,2.698890352,5.301712297,1.408695652,-0.986108729,0.554256517,-2.712944621,6.25,1.183136144,-0.296442688,-1.85827552
"Estonia, Republic of",Industrial Production,Year-over-year (YOY) percent change,Annual,,,,,,,,,,,,,,,,,,,,,,,,,,,,,,,,,,,,,,,,,,,,,,,,,,,,,-3.407566407,14.5,8.879184862,8.377896613,11.01973684,10.37037037,10.98993289,9.886621315,6.410785528,-5.067873303,-24.02287893,23.51675928,19.91002757,1.101294929,4.105817572,3.874899391,0.309940226,3.39880821,4.002134472,4.802462801,6.922549692,-3.003663004,13.29305136,1.8,-9.700392927,-4.025020397
Germany,Industrial Production,Year-over-year (YOY) percent change,Annual,,,,,,,,,,,,,7.15573265,11.6292968,6.311343763,4.200238735,3.38118422,8.272590335,5.512113217,1.650450123,-2.135050916,12.28537912,13.07138108,6.518113203,0.882064685,3.689476505,6.432540708,-1.738356151,-6.206300007,6.733345044,2.605511382,-1.878696742,5.036985574,-0.006808941,-1.827838792,-3.251089972,0.669814316,3.023613075,4.79632647,1.834680839,0.385864587,3.599542798,4.925661307,5.173539563,3.50888509,-1.368133025,-7.437046522,2.801152738,0.930701951,-0.09998889,2.846975089,4.217128028,1.421456734,5.012787724,-0.038967365,-1.130494104,0.551996057,4.234878933,3.047117464,5.302546317,5.754896863,0.622848713,-16.38703372,11.211767,7.015853552,-0.769356687,-0.156713956,1.354812061,1.442660364,0.988269323,2.434561222,0.994174757,-3.414596632,-8.750696712,4.720767888,-0.441629864,-2.310010044,-4.772104181
Italy,Industrial Production,Year-over-year (YOY) percent change,Annual,,,,,,3.333333333,7.52688172,8.132147395,8.813160987,7.843582523,7.744788377,3.134771732,10.63821724,15.59620457,10.83387661,9.617132774,8.866069904,1.079894251,4.661317493,11.20947076,7.895338208,5.870309577,3.530941584,6.552123925,-0.383853954,4.379750292,9.692750421,4.482397679,-9.174951811,12.41674928,1.081799439,1.903299134,6.659512383,5.560893994,-2.231836875,-3.087893791,-2.356651182,3.268972542,0.153566785,4.106369405,2.627448451,6.894890113,3.898318372,-1.907151346,-0.927687916,-0.224089636,-2.382289244,5.209531635,5.381130897,-0.889350033,3.312644881,1.874638101,0.113676732,3.136753956,-0.784421661,-1.338511686,-1.04737804,0.930596008,-1.787725225,3.1245521,2.55733148,-3.198265348,-18.69662607,6.861816616,0.427006123,-5.952667469,-3.13059797,-1.074321944,1.860423714,1.337061959,3.095895136,1.64784609,-1.086240948,-10.99001664,12.16001495,-0.366666667,-2.492472399,-2.89929662
Bulgaria,Industrial Production,Year-over-year (YOY) percent change,Annual,,,,,,,,,,,,,,,,,,,,,,,,,,,,,,,,,,,,,,,,,,,,,,,,,,,,,,,2.026049204,4.723404255,13.02993363,12.84601558,6.934267814,5.998013903,9.64024733,0.649406135,-18.24433314,2.014537902,5.82247557,-0.346287033,-0.135135135,1.846124106,2.875581285,2.647601476,3.424103532,0.364963504,0.519480519,-5.865633075,9.799615701,12.69166667,-8.341344376,-3.089955627
Spain,Industrial Production,Year-over-year (YOY) percent change,Annual,,,,,,,,,,,,,,,,10.42434028,8.681745488,12.89888585,15.77477377,14.59358616,3.079211812,8.155651771,15.83161287,7.288179803,6.618853704,16.26382397,11.01577184,7.461170409,-2.613949283,5.155974102,5.21661256,2.276837961,0.842608967,1.155353827,-0.968794616,-1.122438472,2.676525724,0.872299422,1.980894922,3.096036285,4.600229533,3.099570266,4.460801703,0.03395874,-0.755325469,-2.830511373,-4.725864648,7.324958433,4.664773216,-0.698955678,6.848294137,5.37084399,2.684613122,3.96103431,-1.171282899,-0.076687117,1.493057978,1.952292569,0.168565842,3.668551427,2.4024414,-7.114323759,-16.21271077,0.90435066,-2.099313686,-6.61443299,-1.889958492,1.548294176,3.324173389,1.467055594,2.933964657,0.870708066,0.456026059,-9.32230869,7.276953335,2.316666667,-1.628929793,0.761715516
Czech Republic,Industrial Production,Year-over-year (YOY) percent change,Annual,,,,,,,,,,,,,,,,,,,,,,,,,,,,,,,,,,,,,,,,,,,,,,,,2.09648389,-0.624699061,2.000982077,4.477073053,1.645349483,-3.20588271,5.301558249,7.421753951,2.048175393,3.660777385,10.43086992,3.877021855,8.30857007,10.66725198,-1.814756049,-13.63498637,8.607180447,5.900721439,-0.83375699,-0.082026043,4.976911237,4.301075269,3.430178069,6.478796665,3.038039316,-0.206475058,-6.993296367,6.771667557,2.100175015,-1.240715044,-0.719067692
"Lithuania, Republic of",Industrial Production,Year-over-year (YOY) percent change,Annual,,,,,,,,,,,,,,,,,,,,,,,,,,,,,,,,,,,,,,,,,,,,,,,,,,3.5,8.019323671,14.01629184,-12.85336587,-0.8168028,12.8,5.527743012,15.08203202,11.78289248,6.822372465,5.437284235,2.251023192,4.656437625,-14.09994901,5.758385278,6.090373281,3.465608466,3.068268985,-0.39692384,4.308841843,2.387774594,6.56483209,5.21938943,3.369384359,0.221327968,20.44770126,5.525460455,-5.307218449,3.99499583
Norway,Industrial Production,Year-over-year (YOY) percent change,Annual,,,,10.71428571,6.451612903,0,4.545454545,7.246376812,-80.85698198,6.053297253,2.240958509,0.504557292,4.16194332,10.03834992,6.923185607,4.017090252,4.924835909,8.38647187,8.124813822,4.187616227,3.682157731,3.882938026,5.904376112,4.26543031,4.36051359,7.019786424,5.544081419,4.783685017,5.013050131,5.75934179,-0.309967585,10.19570386,7.386028327,4.264198252,-0.835090262,0.157794203,8.827529022,6.331621535,5.742497635,4.072643491,6.628467248,2.882266732,9.30674264,2.476107732,2.543450615,5.642827615,3.551164156,7.009919698,5.976869427,5.569737758,3.224151828,-0.773763044,-0.221777078,3.154800315,-0.722874818,-0.903171603,-2.501059771,-0.260869565,0,-2.172333624,-1.180839213,0.496016835,-3.941070894,-5.574153367,-4.95506637,1.726231783,-2.669054319,2.1377256,1.475381712,-1.208791209,-0.299478053,-1.836594576,-4.362650813,7.386415577,2.145228569,-0.408367364,0.292887029,4.947851481
"Türkiye, Republic of",Industrial Production,Year-over-year (YOY) percent change,Annual,,,,,,,,,,,,,,,,,,,,,,,,,,,,,,,,,,,7.981220657,8.115942029,8.310991957,11.07673267,19.18291551,4.565285136,10.82089552,3.998316498,2.751922299,10.04332414,3.113815319,4.685872961,5.901856764,-6.293049468,8.586702305,5.815384615,9.624890957,1.299734748,-3.692065986,6.03588907,-8.717948718,9.466292135,8.724659995,9.818267642,13.99097357,7.315233786,7.027406887,-0.558108995,-9.887751733,13.07931856,15.37340029,4.352709913,6.539289559,5.923212933,6.092762609,3.394021128,9.076086957,1.10612855,-0.611078257,2.191590639,16.45803008,4.999583368,1.610983255,0.382692908
"Türkiye, Republic of",Industrial Production,Index,Annual,Units,,,,,,,,,,,,,,,,,,,,,,,,,,,,,,,,,19.84236224,21.42602495,23.16494872,25.09018574,27.86935854,33.21551405,34.73189697,38.49019925,40.02915924,41.1307306,45.2616232,46.67098655,48.85792969,51.74145472,48.48533938,52.64863114,55.71035153,61.07241212,61.86619148,59.58205087,63.17835736,57.67050057,63.12975863,68.63761542,75.37664021,85.92256601,92.20800259,98.68783412,98.13704844,88.43350073,100,115.3734003,120.3952697,128.268265,135.8658675,144.1438523,149.0361251,162.5627734,164.3609266,163.3565527,166.9366596,194.4111453,204.1308926,207.4194071,208.2131865
Portugal,Industrial Production,Year-over-year (YOY) percent change,Annual,,,,,,,,,,8.608331559,5.769733403,8.000247112,10.68527628,5.782945736,8.026772192,0.936143271,3.772570456,8.604982514,5.108531446,4.890502667,-1.633491995,10.41460464,7.958167331,6.267490851,7.833888005,12.95421609,11.80593504,2.779548642,-4.914609436,3.389941073,13.13199293,6.859756098,7.181378518,4.879078072,2.285811564,7.740607931,3.547304414,2.499491422,-1.304612453,7.254129129,4.427333975,3.783589682,6.736558024,9.00623467,0.021807656,-2.34381194,-5.235490516,-0.175626472,8.993091315,5.268481059,2.587998952,5.664077231,3.044578548,0.460321658,1.975325755,0.475769727,-1.116146926,-4.077165139,12.92255028,-1.837817355,-1.846490382,-6.187729418,-13.48518726,1.696010338,-1.921855146,-5.109311741,1.32263845,1.566447701,2.255389718,1.394745378,2.063339731,0.658204043,-2.288650163,-7.998725303,3.914097679,0.2,-3.201929474,0.962281983
Ukraine,Industrial Production,Year-over-year (YOY) percent change,Annual,,,,,,,,,,,,,,,,,,,,,,,,,,,,,,,,,,,,,,,,,,,,,,,,,,,,,,,,,16.04909318,11.7547996,2.820976492,5.768554344,6.998116761,-4.914108702,-20.64267733,11.96118679,8.016666667,-0.756056164,-4.322139303,-10.11537212,-12.96212601,2.814414789,0.434343434,3.016815035,-0.456072972,-4.485170002,1.918707397,-36.72694245,6.811953543,4.605986561
Cyprus,Industrial Production,Year-over-year (YOY) percent change,Annual,,,,,,,,,,,,,,,,,8.219178082,-15.18987342,22.3880597,9.756097561,11.11111111,6,8.490566038,9.565217391,10.31746032,13.66906475,5.696202532,-23.35329341,-14.84375,21.10091743,15.60178306,10.53984576,8.265582656,7.259073842,5.950991832,2.643171806,3.111587983,5.306971904,-1.185770751,3.2,9.689922481,7.464664311,3.712837375,5.766182299,0.7,6.289308176,-8.649953286,3.664876843,1.521006331,-3.053126012,-0.267312672,2.831057878,1.734951535,4.21632284,4.769447378,1.637829666,0.033055119,1.825691863,0.535453513,0.387346675,4.79903537,4.479558181,-9.309154981,-1.813324698,-7.741775909,-9.749776586,-13.51618972,-0.629722922,5.173407075,9.62971078,8.623963226,7.249310028,4.022988506,-7.009153129,6.411279596,3.175,1.768839351,2.023809524
United States,Industrial Production,Year-over-year (YOY) percent change,Annual,,,-5.365853661,15.72164948,8.463251671,3.901437372,8.300395257,-5.291970803,12.71676301,4.407502946,1.305475065,-6.364977569,11.9007042,2.218390805,0.671876757,8.310295719,5.927243664,6.746823736,9.984495417,8.827248792,2.133536527,5.576797538,4.637399523,-3.324328887,1.404097029,7.26255059,8.164477698,-0.384461235,-8.915479526,7.780777096,7.66988965,5.482561254,3.009769723,-2.637690561,1.309933104,-5.108845774,2.62541412,9.057878031,1.271968393,1.024850797,5.048059463,4.99101134,0.85174575,0.880467551,-1.535191818,2.843243599,3.290931561,5.427372026,4.943501443,4.452895885,7.249295607,5.837969819,4.027560842,3.870837919,-3.086344621,0.373545843,1.301370984,2.668561687,3.343177086,2.276490655,2.544340269,-3.459263332,-11.47754304,5.475244896,3.092791654,2.987995228,2.012621339,3.013381744,-1.411439989,-2.191673081,1.339813677,3.156583333,-0.702548472,-7.134320109,4.390109931,3.436829657,0.159408786,-0.20888294
Malta,Industrial Production,Year-over-year (YOY) percent change,Annual,,,,,,,,,,,,,,,,,,,,,,,,,,,,,,15.95337663,18.60804174,4.774535809,6.397036122,18.82653357,1.797313797,4.903324857,2.693802882,7.936225171,2,5.274509804,3.771652077,8.372969577,17.53892017,12.82936452,12.88791758,13.77841695,3.403014098,12.69393512,0.606060606,0.973895582,4.255742269,9.954697186,7.22107774,29.14349277,-6.190737403,0.609807034,4.533377615,-0.841938046,-5.575136174,7.041058704,7.663655096,-4.239970556,-14.47459451,8.646413806,-0.099272005,5.473666777,-4.875559394,-5.967315946,-0.386202054,-7.331042383,6.884092422,3.674050351,3.080487386,0.882377424,-0.948923178,1.51616128,6.802888561,4.387245486
Slovak Republic,Industrial Production,Year-over-year (YOY) percent change,Annual,,,,,,,,,,,,,,,,,,,,,,,,,,,,,,,,,,,2.219321149,0.766283525,3.929024081,5.609756098,5.080831409,4.065934066,3.379091869,3.064351379,-0.89197225,2.510291388,-19.27559055,-9.617635583,-3.712497302,4.864380184,10.44249679,2.472858866,1.306650971,5.409367335,-2.101175887,-9.34651367,3.54693781,7.056405572,15.50767918,3.656509695,-0.890789239,15.74689916,16.85044262,39.36735779,-16.54587068,16.48954405,5.336472435,9.396535668,-3.686047501,3.164221319,4.952021933,2.375510204,1.730324536,-0.979777395,-6.213884271,-8.811613774,11.06997408,-4.491666667,3.804205567,0.336219215
Senegal,Industrial Production,Year-over-year (YOY) percent change,Annual,,,,,,,,,,,,,,,,,,,,,,,-1.684341859,6.099999999,-1.131008483,24.8808389,-8.854961833,6.197654941,16.40378549,2.760840109,5.488709412,-8.286088094,12.50594389,-16.92730347,3.866700586,9.086456037,4.96183206,0.149732621,4.378470739,-5.975035809,1.066376496,-13.99655469,-2.754131197,21.36972194,-13.21595248,6.550965534,-6.194081211,1.12496943,7.303506651,-3.515889114,1.180592581,6.138964167,-0.248235753,-4.525578584,7.417336908,17.54714365,3.813034503,11.61264665,1.804484488,-5.6625,9.187756725,-9.292744335,7.216754984,3.38118773,6.533616634,-0.569841157,-6.633713017,0.061382644,6.195843877,11.3166057,-0.617157274,-4.011278717,3.771473889,2.029305433,17.93660465,0.285088134,-0.847223664,0.982596835
Switzerland,Industrial Production,Year-over-year (YOY) percent change,Annual,,,,,,,,,,,,,,10.9238031,6.917933131,5.100068228,5.447660265,3.750256515,3.856994511,3.480455173,3.593448054,4.543637575,9.100178435,8.730529595,1.575818351,2.401100063,5.540061288,1.112488581,-12.57703352,0.354308913,5.740870141,0.337367835,1.688100107,5.484728661,-0.316690903,-4.110610432,-0.32793536,2.642290211,5.637619378,3.813307473,1.17218104,7.839166046,1.480376723,4.781863212,0.519480519,-1.033591731,-1.82767624,4.255319149,2.040816327,-1.42E-04,4.589818883,3.587807804,3.558900657,8.418837148,-0.73101189,-5.096709139,0.399240156,4.002180675,3.290061978,9.179652517,10.01558527,2.184610796,-6.586403989,4.147681412,3.595,0.410353535,4.044849628,1.49058314,-1.270219311,0.231179013,5.114320096,4.626979584,4.030272636,-3.392058901,8.891308293,5.565739043,0.544593528,2.339273098
Finland,Industrial Production,Year-over-year (YOY) percent change,Annual,,,3.703703704,7.142857143,16.66666667,-4.285714286,5.970149254,14.08450704,11.11111111,2.642073779,2.851592312,-3.777657852,8.637128435,12.90655653,11.21970736,6.629323192,3.788134368,6.603204086,7.152502505,4.654660759,3.89993785,5.462090624,14.05934276,11.996892,4.712085472,8.761561498,7.110309705,4.709147576,-3.943337606,0.952230164,0.542199718,5.054038997,10.68451308,7.830586432,2.59126293,0.859261312,3.213672278,4.654607179,3.386973667,1.51035098,4.571212121,4.319225698,2.370899192,-1.65931755,-8.715267239,0.834277942,5.557803858,11.2800852,7.871734997,1.445901238,6.582920643,5.825022665,3.737417006,8.413337463,0.057131975,1.36086791,-0.01877758,5.305662504,-0.954164437,10.09273431,4.661432777,1.117362088,-18.01251835,5.683317625,1.676625346,-2.140163144,-3.119118042,-1.822555278,-0.904636261,4.146063142,3.214024836,3.476645435,1.615798923,-2.99512031,4.076322637,3.6,-2.163770914,-0.600180876
Luxembourg,Industrial Production,Year-over-year (YOY) percent change,Annual,,,,5.555555556,22.55639098,0,-8.588957055,2.684563758,13.07189542,6.902690599,1.667038646,-4.12712351,4.813823229,8.884669031,2.921566812,-4.536116484,1.115264993,9.438886472,0.669997729,-3.705583756,-0.4114684,6.090191293,12.68277133,0.51657975,-1.13185845,4.160942586,11.94971543,3.4536925,-19.63127873,3.781099608,0.492010972,3.182413493,3.354725442,-2.147439944,-5.644177536,2.259957237,5.43628893,11.70359951,-1.140527429,1.858425559,-0.61295613,8.658030981,7.833366554,2.611565883,0.342263054,-0.795889755,-4.290576931,5.925305674,2.025551013,0.048953616,5.806727829,-0.061610077,11.4978521,-4.066850011,5.046434204,4.895746455,5.271527391,5.574018127,2.232078981,2.169349195,-0.178082192,-4.981473858,-16.08896592,8.95869191,1.42958692,-4.820121476,-3.182524748,4.301166131,1.385400632,-0.287677801,3.349895817,-1.046836228,-3.064023196,-10.33953112,8.20485078,-3.9580035,-4.58962346,-0.936619078
Sweden,Industrial Production,Year-over-year (YOY) percent change,Annual,,,,,,,,,,4.126031508,5.403458213,1.093643199,13.02963714,7.846265048,8.484134138,6.469961653,5.852692238,9.099844996,7.150530182,2.875022234,3.508275569,5.310312362,8.348954578,5.644130956,0.430833575,2.445969168,6.35338484,4.510603025,-1.739369905,-2.339659869,-5.466400349,-1.276228871,6.734234511,-0.444823453,-1.787243894,-1.674799048,3.960443512,7.142939501,3.016443545,0.457551161,2.520667603,1.283104606,3.685380656,3.627793768,-4.883959362,-2.19500245,-0.761446749,11.03483089,-10.65925862,1.489695341,5.672663061,4.536907343,2.802786267,4.984064919,-1.028495943,0.028601392,1.467784979,5.654705993,2.462660028,3.080260304,3.468013468,-2.643996095,-17.59003927,9.48083553,2.528480133,-2.195121951,-4.756626951,-1.658262219,3.283699832,2.043154478,4.350673653,2.537433874,2.334732424,-4.033153892,6.838215653,2.175181265,-0.350734095,-0.499304248
Denmark,Industrial Production,Year-over-year (YOY) percent change,Annual,,,,,,,,,,,,,,,,,,,,,,,,,,,,,,,,,,,,,,,,,,,,,,,,,,,,2.928376203,0.236857201,6.841551441,2.279867157,0.640631856,0.401116149,-1.511203752,2.557319224,4.428202923,-2.824207493,-1.991187934,-14.368462,2.039374054,1.345602058,-0.351459533,0.68580386,0.817359152,0.723868352,4.082023764,1.334929111,2.053238848,2.661800053,-5.298300382,9.889204285,12.41563203,8.87999407,7.794948601
France,Industrial Production,Year-over-year (YOY) percent change,Annual,,,,,,,,,,9.144948952,8.197175298,4.473452208,1.380117596,9.059420562,5.620799173,6.608391608,4.552312234,6.508145639,1.763239019,5.86759797,2.334694175,3.58510392,11.7293078,5.629077927,4.715771685,7.150906384,7.555278568,2.376928463,-8.623108941,9.311688647,1.822689175,2.249171053,4.309816994,-1.038099897,-1.047891037,-0.803676487,0.071618809,1.717621273,0.656318023,2.540438406,1.748948181,3.561296806,3.467132994,1.456637912,-0.145560408,-0.710641399,-3.752982199,3.746782343,3.050909759,1.034421259,4.439541041,4.326882447,2.875658161,4.283464567,1.155240109,-1.127118011,-0.898384418,2.491048983,0.081760071,0.757519495,1.223557161,-2.541323819,-12.82127914,4.756599246,2.568927432,-2.576373933,-0.155559194,-1.074210742,1.649535809,0.464812852,2.11038961,0.620031797,0.371306684,-10.61786698,5.688622754,0.399933344,0.539419087,0.115559224
"Uzbekistan, Republic of",Industrial Production,Year-over-year (YOY) percent change,Annual,,,,,,,,,,,,,,,,,,,,,,,,,,,,,,,,,,,,,,,,,,,,,,,,,,,,,,,,,,,,,,,,,4.40054946,5.698244984,7.495403414,4.502878143,5.301867278,5.402353633,5.197813306,10.80390606,6.601795968,0.209661482,7.794920594,5.223398489,6.038058533,6.840919085
"North Macedonia, Republic of",Industrial Production,Year-over-year (YOY) percent change,Annual,,,,,,,,,,,,,,,,,,,,,,,,,,,,,,,,,,,,,,,,,,,,,-17.33013205,-15.5669145,-15.1891559,-9.750103339,-9.875771275,5.433606324,-4.187180517,-0.525924664,-4.089035301,3.393128623,-3.087248322,-5.273812061,4.701383421,-2.212912235,7.063605405,5.838292633,3.916626272,5.093758746,-8.664003551,-4.859558752,6.956788232,-2.750716332,3.201728541,4.777312524,4.950045413,3.357853743,0.175835217,5.407890338,3.703116327,-9.565682826,1.454299484,-0.233352779,0.643221118,-3.593957503
Côte d'Ivoire,Industrial Production,Year-over-year (YOY) percent change,Annual,,,,,,,,,,,,,,,,,,,,,,,13.8360066,17.96154859,18.3746372,13.18370426,15.17247125,6.018953917,21.81508018,24.97759355,16.32378647,15.22752668,8.513626484,15.1793722,1.654662255,-2.566066642,-9.964622642,-1.222440515,3.125,8.080808081,0,-2.803738318,-1.682692308,-6.112469438,-2.604166667,-0.802139037,1.347708895,3.191489362,8.762886598,13.27014218,11.92468619,11.21495327,2.857142857,-7.843137255,-3.90070922,-4.42804428,-11.9047619,0.803506209,17.82608696,11.31611316,-3.259668508,9.078782826,8.575359217,-4.117978319,-7.884883636,15.7567546,8.868080419,2.92183152,7.564212855,6.936557031,5.415580218,4.31084282,-26.9796452,-0.94585409,6.151380672,7.379523577,6.14015194,6.952586291
Costa Rica,Industrial Production,Year-over-year (YOY) percent change,Annual,,,,,,,,,,,,,,,,,,,,,,,,,,,,,,,,,,,,,,,,,,,,,,9.680875772,8.058204137,4.871972222,5.482614879,0.143054158,6.342169005,7.267495202,5.024873083,3.121865805,3.162184649,3.667583227,4.842925056,4.705089706,4.409791908,6.980574417,7.544231993,3.275073497,-3.158485683,4.343992731,3.913616897,4.223601519,2.179513386,3.444178708,5.45939134,4.463255291,2.780188728,3.048483692,1.625023818,-5.617613438,8.323750676,4.229257542,5.420917809,4.492158811
"Serbia, Republic of",Industrial Production,Year-over-year (YOY) percent change,Annual,,,,,,,,,,,,,,,,,,,,,,,,,,,,,,,,,,,,,,,,,,,,,,,,,4.060363515,4.855380178,17.94146863,2.986718497,-25.19501761,11.25220755,0.149349264,1.821474222,-2.845485929,6.568321309,0.606244316,4.167922065,4.13613575,1.43505231,-12.64147499,1.253787483,2.47652461,-2.21528547,5.509216353,-7.339449541,7.309879924,5.212014134,3.852971359,1.194753863,0.06213937,-0.186302342,6.648297929,1.916826402,2.641262573,3.146908859
Mongolia,Industrial Production,Year-over-year (YOY) percent change,Annual,,,,,,,,,,,,,,,,,,,,,,,,,,,,,,,,,,,,,,,,,,,,,,,,,,,,,,,,,,,,,,-1.178688512,-1.203951399,121.8372574,-37.64699326,14.08652127,4.034785334,1.332931697,-4.236028537,2.341270625,8.190064348,5.115419122,-0.733445642,-2.208894908,46.78293253,2.644932044,75.51105024,2.429858319
"Slovenia, Republic of",Industrial Production,Year-over-year (YOY) percent change,Annual,,,,,,,,,,,,,,,,,,,,,,,,,,,,,,,,,,,,,,,,,,,,,,,,,,,,-3.286252149,-0.511546331,6.170118995,2.947281029,2.379032258,1.404752527,4.89383739,3.4929647,5.676803816,7.188804875,2.484733628,-17.36182453,7.173048235,1.287553648,-1.122308749,-0.926569377,2.232873509,5.591766724,6.616850769,7.689182326,5.131107338,3.104252647,-5.238426732,10.2020202,1.208232647,-5.623250453,-1.099188694
Bangladesh,Industrial Production,Year-over-year (YOY) percent change,Annual,,,,,,,,,,,,,,,,,,,,,,,,,,,,,6.360576365,-3.31826331,-0.107229528,-5.418079096,-1.982301791,4.829293058,8.190568437,-5.964637422,1.683922409,5.096845925,1.108017817,-1.866842888,9.511784512,0.367922111,4.556803995,0.179104478,7.54866905,10.58828962,14.40312475,8.108684828,6.776761629,8.813954444,6.671133909,4.056624641,3.54136553,8.942722234,2.577921833,6.980931036,6.859566576,6.518224739,12.4541373,10.88811376,5.495305846,9.281613611,6.357748217,9.602170696,15.04549825,10.91444676,9.514182132,8.669669468,13.22590259,11.11116369,13.57846237,14.45275215,0.820070887,11.47721789,12.00222607,8.518743444,2.447089947,
Montenegro,Industrial Production,Year-over-year (YOY) percent change,Annual,,,,,,,,,,,,,,,,,,,,,,,,,,,,,,,,,,,,,,,,,,,,,,,,,,,,,,,-0.73879014,0.611643331,2.644107522,14.44270016,-2.331961591,-0.517109295,0.051337997,-1.86646142,-32.28104575,17.84576778,-10.28665029,-6.938104802,10.44732195,-11.25321965,8.086469175,-2.75,-4.198800343,22.48062016,-6.337228173,-0.918305467,4.922619568,-3.266666667,6.374913853,0.145772595
Malta,Industrial Production,Index,Annual,Units,,,,,,,,,,,,,,,,,,,,,,,,,,,,12.66570088,14.68630785,17.41914214,18.25082532,19.41833721,23.07413699,23.48885163,24.64058633,25.30435516,27.31256576,27.85881708,29.32823312,30.43439203,32.98265441,38.76745584,43.74107407,49.37838764,56.18194777,58.09382738,65.46822013,65.86499722,66.50645352,69.33679678,76.23906493,81.74434708,105.567505,99.03209795,99.63600265,104.1528789,103.2759762,97.51819987,104.3845136,112.3841827,107.6191264,92.04169424,100,99.90072799,105.368961,100.2316347,94.25049636,93.88649901,87.00363997,92.99305096,96.40966248,99.37954997,100.2564527,99.30509596,100.8107214,107.6687624,112.3924553
Cyprus,Industrial Production,Index,Annual,Units,,,,,,,,,,,,,,,20.67377271,22.37298691,18.97455852,23.222594,25.48821293,28.32023659,30.01945079,32.56827208,35.6834981,39.36512886,44.74597381,47.2947951,36.24990283,30.86905788,37.3827123,43.21508197,47.76988496,51.71834428,55.47261709,58.773788,60.32728019,62.20441659,65.5055875,64.72884141,66.80016433,73.27304847,78.74263557,81.66622158,86.37524479,86.9798715,92.45030367,84.45339559,87.54850853,88.88012689,86.16650461,85.93617063,88.36907336,89.90223395,93.69280237,98.16143128,99.76914832,99.80212713,101.6242064,102.1683568,102.5641026,107.4861901,112.3010965,101.8468134,100,92.25822409,83.26325336,72.00923407,71.55577541,75.25764696,82.5047407,89.6199192,96.11674499,99.98351059,92.97551323,98.93643334,102.0776651,103.883255,105.9856542
Finland,Industrial Production,Index,Annual,Units,7.253536582,7.522186086,8.059485092,9.402732607,8.999758352,9.537057358,10.88030487,12.08922764,12.40863395,12.7624776,12.28035487,13.34102489,15.06289181,16.75290419,17.86350835,18.54020205,19.76444943,21.17810217,22.16387098,23.02824817,24.28607196,27.70053406,31.02373721,32.48560223,35.33184824,37.84405208,39.62618434,38.06359011,38.4260431,38.63438899,40.58698608,44.92350791,48.44128203,49.69652301,50.12354601,51.73435251,54.1423834,55.97617167,56.82160832,59.41904457,61.98548721,63.45510063,62.40217901,56.96366234,57.43889761,60.63123888,67.47049428,72.78159279,73.83394275,78.6943726,83.27833764,86.3907964,93.65914563,93.71265495,94.9879604,94.97012396,100.0089182,99.05466869,109.0519932,114.1353786,115.410684,94.62231339,100,101.6766253,99.50057968,96.39703915,94.64014983,93.78400071,97.6723446,100.811558,104.3164184,106.001962,102.8270757,107.0186391,110.8713101,108.4723089,107.8212789
France,Industrial Production,Index,Annual,Units,,,,,,,,25.78450289,28.14248252,30.44937114,31.81150921,32.25054544,35.17225799,37.14921997,39.60418591,41.40709211,44.10192597,44.87954834,47.5128998,48.62218071,50.36533641,56.27284174,59.44048386,62.24356136,66.69454017,71.73349847,73.43855241,67.10586603,73.35455534,74.69158088,76.37152229,79.66299514,78.83601367,78.00989815,77.38295094,77.43837169,78.76846963,79.2854413,81.2996391,82.72152766,85.66748678,88.63769248,89.92882271,89.79792195,89.15978074,85.81363004,89.02887998,91.74507077,92.69410128,96.80929395,100.9981183,103.9024789,108.3531048,109.6048433,108.3694674,107.395893,110.0711773,110.1611716,110.9956639,112.3537593,109.4984865,95.45937986,100,102.5689274,99.92636832,99.77092367,98.69917369,100.3272519,100.7935859,102.9207232,103.5588644,103.9433854,92.90681502,98.19193324,98.58463552,99.11641986,99.23095803
"Uzbekistan, Republic of",Industrial Production,Index,Annual,Units,,,,,,,,,,,,,,,,,,,,,,,,,,,,,,,,,,,,,,,,,,,,,,,,,,,,,,,,,,,,,,,100,104.4005495,110.3495485,118.6206924,123.9620376,130.5343403,137.586267,144.7377443,160.3750742,170.9627094,171.3211523,184.6755001,194.3218374,206.0551037,220.1511666
Côte d'Ivoire,Industrial Production,Index,Annual,Units,,,,,,,,,,,,,,,,,,,,,11.73915194,13.36338178,15.76365209,18.66016597,21.12026707,24.32473352,25.78882802,31.41468152,39.26131299,45.67024589,52.62469477,57.10496472,65.77313986,66.86146317,65.14575347,58.65422497,57.93721196,59.74774984,64.57585083,64.57585083,62.76531296,61.70916587,57.93721196,56.4284304,55.97579593,56.73018671,58.54072459,63.6705819,72.11975864,80.71981354,89.77250291,92.33743156,85.09528007,81.77596063,78.15488489,68.85073192,69.40395183,81.77596063,91.02982088,88.06255047,96.05755818,104.2948389,100,92.11511636,106.6294692,116.0854563,119.4772777,128.5147933,137.4292953,144.871889,151.1170884,110.3462341,109.3025198,116.0261338,124.5883097,132.2382213,141.4321977
Switzerland,Industrial Production,Index,Annual,Units,,,,,,,,,,,,25.12026143,27.86434933,29.79198638,31.31139801,33.0171366,34.25536392,35.57659142,36.81481874,38.13774013,39.87058082,43.49887481,47.29655695,48.04186478,49.19539802,51.92085322,52.49846679,45.89571702,46.05832964,48.70247853,48.86678503,49.69170528,52.41716048,52.2511601,50.10331846,49.93901197,51.25854559,54.14830729,56.21314874,56.87206861,61.3303645,62.23828494,65.21443459,65.55321088,64.87565831,63.68994132,66.40015158,67.75525672,67.75516083,70.865,73.4075,76.02,82.42,81.8175,77.6475,77.9575,81.0775,83.745,91.4325,100.59,102.7875,96.0175,100,103.595,104.0201057,108.2275626,109.8407844,108.4455656,108.6962689,114.2553441,119.5419155,124.3597806,120.1414236,130.823568,138.1048664,138.8569765,142.1052204
Luxembourg,Industrial Production,Index,Annual,Units,,26.3388029,27.80206973,34.07321328,34.07321328,31.14667963,31.9828321,36.16359446,38.6598555,39.30433023,37.68219198,39.49614609,43.00524795,44.261675,42.25391386,42.72515697,46.75793604,47.07121315,45.32694992,45.14044384,47.88958322,53.96330955,54.24207308,53.6281296,55.85956528,62.53462437,64.694378,51.99404433,53.95999094,54.22548002,55.95115901,57.82816678,56.58634162,53.39250804,54.59915589,57.56732376,64.30477278,63.57135921,64.7527856,64.35587943,69.92783141,75.40553476,77.37479998,77.63962534,77.02169951,73.71702424,78.08498326,79.66663443,79.70563413,84.33392337,84.28196517,93.97258088,90.15085696,94.70026064,99.3365453,104.5730985,110.402022,112.8662823,115.3147461,115.109391,109.3752468,91.77790064,100,101.4295869,96.54055762,93.46813048,97.48835005,98.83895427,98.55461654,101.8560935,100.789827,97.70160335,87.59971566,94.78714162,91.03546323,86.85727826,86.04375642
Senegal,Industrial Production,Index,Annual,Units,,,,,,,,,,,,,,,,,,,,,43.16614761,42.43908212,45.02786613,44.51859714,55.59519758,50.67226405,53.81275613,62.64008521,64.36947781,67.90253139,62.27606782,70.06427792,58.20428498,60.4548704,65.94807563,69.22030839,69.32395377,72.3592828,68.03578974,68.76130741,59.13709341,57.50838027,69.79776123,60.57332227,64.54145973,60.5437093,61.22480752,65.69636541,63.38655405,64.13489101,68.07210899,67.90312967,64.83012018,69.63878861,81.85840688,84.97969618,94.84808802,96.55960706,91.09191931,99.46122325,90.21854606,96.72939748,100,106.5336166,105.9265442,98.89968129,98.96038853,105.0918197,116.9846466,116.2626673,111.5990477,115.8079766,118.1580742,139.3516208,139.7488958,138.56491,139.9264445
Sweden,Industrial Production,Index,Annual,Units,,,,,,,,26.41292018,27.50272559,28.98882388,29.30585818,33.12430516,35.72332594,38.75414083,41.26151888,43.67642859,47.65091589,51.05820901,52.52614388,54.36890575,57.25606447,62.03634729,65.53775997,65.82011864,67.43005845,71.71414956,74.94889016,73.64525172,71.92220332,67.99064775,67.12293147,71.64314709,71.32446157,70.04971948,68.87652745,71.60434341,76.71899834,79.03318362,79.39480086,81.39607989,82.44047674,85.47872212,88.57971387,84.25351665,82.40414989,81.77668617,90.8006052,81.12193386,82.33040353,87.00072992,90.94787242,93.4969469,98.15689543,97.14735575,97.17514124,98.60146337,104.1770862,106.7426137,110.030564,113.8464388,110.8363434,91.34018709,100,102.5284801,100.277855,95.50801148,93.92423821,97.00842827,98.99046031,103.2972122,105.9183106,108.3912198,104.0196351,111.1327221,113.5500602,113.1518014,112.5868297
Slovak Republic,Industrial Production,Index,Annual,Units,,,,,,,,,,,,,,,,,,,,,,,,,,,,,,,,,39.23228876,40.10297924,40.41028176,41.99801146,44.35399747,46.60754931,48.50258153,50.14152832,51.67804094,51.21708715,52.50278528,42.38256336,38.30636287,36.88424018,38.67842985,42.71742364,43.77376524,44.34573557,46.74455931,45.7623739,41.48518737,42.95664116,45.98783598,53.11948205,55.06180106,54.57131646,63.16460663,73.80812242,102.8644301,85.84461448,100,105.3364724,115.2344516,110.986855,114.4987247,120.1687267,123.0233471,125.1520502,123.9258387,116.2252305,105.9839121,117.7163037,112.4288797,116.7059054,117.0982931
Montenegro,Industrial Production,Index,Annual,Units,,,,,,,,,,,,,,,,,,,,,,,,,,,,,,,,,,,,,,,,,,,,,,,,,,,,,111.965602,111.1384111,111.8181818,114.7747748,131.3513514,128.2882883,127.6248976,127.6904177,125.3071253,84.85667486,100,89.71334971,83.48894349,92.21130221,81.83456183,88.45208845,86.01965602,82.40786241,100.9336609,94.53726454,93.66912367,98.28009828,95.06961507,101.1302211,101.2776413
Portugal,Industrial Production,Index,Annual,Units,,,,,,,,13.4530826,14.61116855,15.45419403,16.69056774,18.47400101,19.54234247,21.11096178,21.30859063,22.11247222,24.01524659,25.24207301,26.47653727,26.04404515,28.75642948,31.04491426,32.99065142,35.57510211,40.18357771,44.92762479,46.17640997,43.90701977,45.39544187,51.35676809,54.87971712,58.82083733,61.69075191,63.10088625,67.98527846,70.39692324,72.1564883,71.21512577,76.38116295,79.76281213,82.78070966,88.35728019,96.3149442,96.33594823,94.07801477,89.15256923,88.99599372,96.9994847,102.1098842,104.7524869,110.6857487,114.0556632,114.5806861,116.844028,117.3999365,116.0895807,111.3564168,125.7465057,123.4355146,121.1562897,113.6594663,98.33227446,100,98.07814485,93.06702668,94.29796696,95.7750953,97.93519695,99.30114358,101.3500635,102.0171537,99.68233799,91.7090216,95.29860229,95.48919949,92.43170267,93.32115629
Denmark,Industrial Production,Index,Annual,Units,,,,,,,,,,,,,,,,,,,,,,,,,,,,,,,,,,,,,,,,,,,,,,,,,,99.99980656,102.9281771,103.1719699,110.2305333,112.743643,113.4659147,113.9210448,112.1994657,115.0687642,120.1642426,116.7705551,114.4454339,98.00138518,100,101.3456021,100.9894133,101.6820026,102.5131097,103.2551697,107.4700702,108.9047195,111.1407935,114.0991392,108.0538241,118.7394875,133.4817453,145.3349164,156.6636984
Mongolia,Industrial Production,Index,Annual,Units,,,,,,,,,,,,,,,,,,,,,,,,,,,,,,,,,,,,,,,,,,,,,,,,,,,,,,,,,,,,46.17164249,45.62742265,45.07809065,100,62.35300674,71.1363763,74.00657638,74.99303349,71.8163072,73.4977213,79.51723197,83.58487166,82.97182206,81.13906171,119.0982942,122.2483631,214.5593861,219.7728751
"Serbia, Republic of",Industrial Production,Index,Annual,Units,,,,,,,,,,,,,,,,,,,,,,,,,,,,,,,,,,,,,,,,,,,,,,,87.69874604,91.25963393,95.69063611,112.8589416,116.2297204,86.94562191,96.72892374,96.87338768,98.63791146,95.83118357,102.1256836,102.7448148,107.0271386,111.4539263,113.0533485,98.76173769,100,102.4765246,100.2063771,105.7269632,97.96718605,105.1284697,110.6077804,114.8694665,116.2418739,116.3141059,116.09741,123.8159117,126.1892478,129.5222371,133.5981839
Costa Rica,Industrial Production,Index,Annual,Units,,,,,,,,,,,,,,,,,,,,,,,,,,,,,,,,,,,,,,,,,,,,41.88951846,45.94479071,49.64711573,52.06590942,54.92048272,54.99904875,58.48718137,62.73773447,65.89022601,67.94723044,70.09584733,72.66667087,76.18586328,79.77047649,83.28818851,89.10218249,95.82425785,98.96257272,95.83685403,100,103.9136169,108.302514,110.6629818,114.4744126,120.7240188,126.11224,129.6183983,133.569794,135.740335,128.1149677,138.7789381,144.6482568,152.48952,159.3395914
United States,Industrial Production,Index,Annual,Units,16.20174628,15.33238429,17.742888,19.24451327,19.9953259,21.65501698,20.50903981,23.1171258,24.1360138,24.45110344,22.89479619,25.61943816,26.18777742,26.36372701,28.55463069,30.24713323,32.28785399,35.51163329,38.64633351,39.47086716,41.6720775,43.60457823,42.15501864,42.746916,45.8514324,49.59496237,49.40428897,44.9996597,48.50098292,52.22095478,55.08400062,56.74190219,55.24522639,55.9689019,53.10953702,54.50388231,59.44077749,60.19684539,60.81377324,63.88368867,67.07213082,67.64341484,68.23899316,67.19139372,69.10180872,71.37590195,75.24973769,78.96970956,82.48614851,88.46581325,93.63042072,97.40144289,101.1716949,98.04918771,98.41544637,99.69619644,102.3566509,105.778615,108.1866553,110.939292,107.1016097,94.80897636,100,103.0927917,106.1731993,108.3100638,111.5738595,109.9990614,107.5882416,109.0297236,112.4713377,111.681172,103.7134797,108.2666155,111.9875546,112.1660726,111.9317768
"Slovenia, Republic of",Industrial Production,Index,Annual,Units,,,,,,,,,,,,,,,,,,,,,,,,,,,,,,,,,,,,,,,,,,,,,,,,,,82.06107678,79.36434288,78.9583575,83.83018211,86.30089317,88.35401926,89.59517457,93.97981673,97.26249855,102.7838998,110.1728338,112.9103352,93.30704095,100,101.2875536,100.1507946,99.22282798,101.4383482,107.110544,114.1978889,122.9787728,129.2889456,133.3024011,126.3194525,139.2065886,140.888528,132.9660132,131.5044658
"North Macedonia, Republic of",Industrial Production,Index,Annual,Units,,,,,,,,,,,,,,,,,,,,,,,,,,,,,,,,,,,,,,,,,,,206.2002574,170.4654805,143.9292649,122.0676245,110.1659049,99.28617215,104.6809919,100.2978098,99.77031887,95.69067531,98.937583,95.88313413,90.82643784,95.09653693,92.99213403,99.56073143,105.3733783,109.5004597,115.0781489,105.107774,100,106.9567882,104.0147104,107.3449791,112.4731842,118.0406579,122.0042905,122.218817,128.8282766,133.5989376,120.819287,122.5763612,122.2903259,123.0769231,118.6535908
Bangladesh,Industrial Production,Index,Annual,Units,,,,,,,,,,,,,,,,,,,,,,,,,,,18.0055771,19.15083558,18.51536043,18.4955065,17.49340533,17.14663324,17.97469441,19.44692405,18.28698554,18.59492419,19.54267883,19.75921519,19.39034169,21.23470921,21.3128364,22.28402058,22.32393226,24.00909202,26.55124422,30.37545304,32.8385028,35.06388985,38.15440513,40.69973659,42.35077213,43.85056778,47.77200225,49.00352713,52.42442956,56.02051821,59.67206149,67.10370196,74.41002937,78.49908806,85.7850701,91.23906887,100,115.0454983,127.6020779,139.742372,151.8575738,171.9421085,191.0468777,216.9881061,248.3488592,250.3854959,279.1227849,312.6237325,339.2553462,347.5572297,
Ukraine,Industrial Production,Index,Annual,Units,,,,,,,,,,,,,,,,,,,,,,,,,,,,,,,,,,,,,,,,,,,,,,,,,,,,,,,78.4344862,91.02250998,101.7220236,104.591578,110.625,118.3666667,112.55,89.31666667,100,108.0166667,107.2,102.5666667,92.19166667,80.24166667,82.5,82.85833333,85.35801599,84.96872115,81.15772956,82.71490892,52.33625192,55.90137309,58.47618282
